alhdyan1435,dd_h33,4
icse2015,ICSEconf,4
usc_dcresearch,NIH,4
OpenFlowNetwork,TheCloudNetwork,4
FIware,iHub_eu,0
FIware,johnny_watersc,0
FIware,ArjenHof,0
FIware,Toon,0
FIware,smartcityhack,0
FIware,appcircus,0
FIware,iecisa,0
FIware,FIWARENL,0
FIware,guiadeonda,0
FIware,joaquincabezas,0
FIware,cofoundermag,0
FIware,brynskov,0
FIware,netfuturesEU,0
FIware,diegobarroso,0
FIware,digital_worx,0
FIware,dimago_mhealth,0
FIware,FIWARE_Mundus,0
FIware,virki,0
FIware,tezawaly,0
FIware,masaruikeda,0
FIware,IgarciaEU,0
FIware,davidcasalini,0
FIware,cebit,0
FIware,jjmerelo,0
FIware,BOAMISTURA,0
FIware,sidorenkor,0
FIware,amarquet,0
FIware,MyN_EU,0
FIware,marshawright,0
FIware,iMinds,0
FIware,wiimwear,0
FIware,BUCFE,0
FIware,myecofficial,0
FIware,Outbarriers,0
FIware,frontierCities,0
FIware,FitmanFI,0
FIware,ICT_FIRE,0
FIware,GoodAudienceSF,0
FIware,martintalvari,0
FIware,RMStartups,0
FIware,tomasz_mazuryk,0
FIware,sergiofdez8,0
FIware,MyPeopleCare,0
FIware,LynchRobbie,0
FIware,magicBoxTeam,0
FIware,FundingBox,0
FIware,vemiles,0
FIware,elpaisinenglish,0
FIware,LeonorLrc,0
FIware,victorlsgr,0
FIware,jmrobles,0
FIware,intLabTUC,0
FIware,MauroXesteira,0
FIware,AlbertoMunoz,0
FIware,mobileroberto,0
FIware,amtnezschez,0
FIware,EricLiboiron,0
FIware,ClaraGCP,0
FIware,punk_ecas,0
FIware,eko3r,0
FIware,jezis,0
FIware,jsteneros,0
FIware,CAGeerdink,0
FIware,robertoabril,0
FIware,FoneSense,0
FIware,cesmm84,0
FIware,NachodePinedo,0
FIware,cdomtru,0
FIware,BiT_App,0
FIware,sebmuller,0
FIware,movistarpro_es,0
FIware,TallerIA,0
FIware,redpuntoes,0
FIware,ATCpress,0
FIware,SanyuKarani,0
FIware,ceedtech,0
FIware,INCENSe_Acc,0
FIware,CatedraTEFULPGC,0
FIware,ULPGC,0
FIware,ulpgcfiware,0
FIware,Ayto_Sevilla,0
FIware,mrinnetmaki,0
FIware,abt_programming,0
FIware,dantart,0
FIware,FI_IMPACT,0
FIware,immwillems,0
FIware,LiamBoogar,0
FIware,RudeBaguette,0
FIware,Lauroka,0
FIware,cristinaluminea,0
FIware,APImashups,0
FIware,dgiluz,0
FIware,goaleurope,0
FIware,NatashaStarkell,0
FIware,ingridlunden,0
FIware,linseyfryatt,0
FIware,Nero,0
FIware,KarstenStrauss,0
FIware,EconoScribe,0
FIware,benjrooney,0
ORNL,kilgoretrout33,0
ORNL,rmwagner00,0
ORNL,EnergySaver,0
ORNL,OpenPOWERorg,0
ORNL,IBMPowerSystems,0
ORNL,jenpalmer,0
ORNL,TechmerPM,0
ORNL,WhiteHouseCEQ,0
ORNL,UT_MSE,0
ORNL,CHEMISTRYUTK,0
ORNL,UNFCCC,0
ORNL,COP21en,0
ORNL,COP21,0
ORNL,OakRidgeOffice,0
ORNL,TNECD,0
ORNL,TVAed,0
ORNL,ValleyCorridor,0
ORNL,theTSIN,0
ORNL,LaunchTN,0
ORNL,NASA_Supercomp,0
ORNL,BudhuBhaduri,0
ORNL,SandiaEnergy,0
ORNL,LBNLcs,0
ORNL,CINCINNATI_INC,0
ORNL,AP_Travel,0
ORNL,RandDMagazine,0
ORNL,wellsjc929,0
ORNL,burakozpineci,0
ORNL,BlueBlueca,0
ORNL,RD100Awards,0
ORNL,TruDesignLLC,0
ORNL,jayjaybillings,0
ORNL,MnhtnProjectNPS,0
ORNL,ORNLDAAC,0
ORNL,ORNLbuildings,0
ORNL,chicagonuke,0
ORNL,NEI,0
ORNL,thebron,0
ORNL,findblondie,0
ORNL,NatLabsHPC,0
ORNL,UgradResearch,0
ORNL,utkcfwstem,0
ORNL,francesarnold,0
ORNL,johnbrogers,0
ORNL,Cirrus_Aircraft,0
ORNL,ResearchUTK,0
ORNL,jeffgary,0
ORNL,periscopetv,0
ORNL,Knoxstartshere,0
ORNL,UTHPC,0
ORNL,US_ITER,0
ORNL,ORNLNeutrons,0
ORNL,greenjbjr,0
ORNL,neiltyson,0
ORNL,ORNLReview,0
ORNL,hpcprogrammer,0
ORNL,DavidMKeim,0
ORNL,LearnAdditive,0
ORNL,SystersatUTK,0
ORNL,LANL_HPC,0
ORNL,TheRumsDiaries,0
ORNL,NICS,0
ORNL,AmericaMakes,0
ORNL,visitknoxville,0
ORNL,cray_inc,0
ORNL,nuclearsciweek,0
ORNL,UTRF,0
ORNL,KnoxOakRidgeIV,0
ORNL,VanderbiltU,0
ORNL,virginia_tech,0
ORNL,GeorgiaTech,0
ORNL,UVA,0
ORNL,floridastate,0
ORNL,DukeU,0
ORNL,Dr_rkjackson,0
ORNL,MarkMuro1,0
ORNL,LSRTweets,0
ORNL,claytonhomes,0
ORNL,JeffWBIR,0
ORNL,iacmihq,0
ORNL,SOM_Design,0
ORNL,ScienceByPeople,0
ORNL,Kodak,0
ORNL,followEBP,0
ORNL,BioenergyKDF,0
ORNL,A_M_S_E,0
ORNL,DoD_HDIAC,0
ORNL,ORNLMDF,0
ORNL,Amytheengineer,0
ORNL,alexwitze,0
ORNL,NicoleHemsoth,0
ORNL,Supercomputing,0
ORNL,thommason,0
ORNL,TimesFreePress,0
ORNL,EPB_Chattanooga,0
ORNL,STEM_Scouts,0
ORNL,GTRoboDude,0
ORNL,IMTS_2016,0
ORNL,6News,0
ORNL,bdaly22,0
MajedAlRubaian,seyamiusta,0
MajedAlRubaian,Datafloq,0
MajedAlRubaian,waw_novels,0
MajedAlRubaian,GT_Sciences,0
MajedAlRubaian,xuebinwei,0
MajedAlRubaian,EshragR,0
MajedAlRubaian,vahedq,0
MajedAlRubaian,gtcomputing,0
MajedAlRubaian,masgharneya,0
MajedAlRubaian,husaynv,0
MajedAlRubaian,saschiff,0
MajedAlRubaian,giuliaboato,0
MajedAlRubaian,dnductien,0
MajedAlRubaian,koafgeri,0
MajedAlRubaian,stuart_e_middle,0
MajedAlRubaian,kandreads,0
MajedAlRubaian,sympap,0
MajedAlRubaian,TahaYasseri,0
MajedAlRubaian,amyxzh,0
MajedAlRubaian,brendan642,0
MajedAlRubaian,visibrainEN,0
MajedAlRubaian,cmuhcii,0
MajedAlRubaian,julenka,0
MajedAlRubaian,EmoVis2016,0
MajedAlRubaian,munmun10,0
MajedAlRubaian,DanielMRomero,0
MajedAlRubaian,sadatshami,0
MajedAlRubaian,scottjcounts,0
MajedAlRubaian,devvarma,0
MajedAlRubaian,mrowebot,0
MajedAlRubaian,dabbish,0
MajedAlRubaian,nekozzang,0
MajedAlRubaian,CompUrbanist,0
MajedAlRubaian,GarWarner,0
MajedAlRubaian,GGeeny,0
MajedAlRubaian,JurgenPfeffer,0
MajedAlRubaian,jess1ecat,0
MajedAlRubaian,fdiaz_msr,0
MajedAlRubaian,lintool,0
MajedAlRubaian,aneeshs,0
MajedAlRubaian,JeffD,0
MajedAlRubaian,gilad,0
MajedAlRubaian,WebSciConf,0
MajedAlRubaian,TBASAUDIA,0
MajedAlRubaian,moaddi100,0
MajedAlRubaian,AdnanAlshiha,0
MajedAlRubaian,MSM_workshop,0
MajedAlRubaian,WebScience16,0
MajedAlRubaian,takis_metaxas,0
MajedAlRubaian,informatics,0
MajedAlRubaian,enimust,0
MajedAlRubaian,nimdoc,0
MajedAlRubaian,jpdig,0
MajedAlRubaian,covenant_ws,0
MajedAlRubaian,ciro,0
MajedAlRubaian,netsci14,0
MajedAlRubaian,socialmedia4D,0
MajedAlRubaian,lajello,0
MajedAlRubaian,danielapaolotti,0
MajedAlRubaian,nicole_ellison,0
MajedAlRubaian,clifflampe,0
MajedAlRubaian,apanisson,0
MajedAlRubaian,eytanadar,0
MajedAlRubaian,bkeegan,0
MajedAlRubaian,LoQueSigue_,0
MajedAlRubaian,mtizzoni,0
MajedAlRubaian,lucadebiase,0
MajedAlRubaian,cosnet_bifi,0
MajedAlRubaian,Tecnoetica,0
MajedAlRubaian,lucasofri,0
MajedAlRubaian,dsguidebiz,0
MajedAlRubaian,Snowden,0
MajedAlRubaian,ACM_CEO,0
MajedAlRubaian,vagabondjack,0
MajedAlRubaian,bgoncalves,0
MajedAlRubaian,SciNode,0
MajedAlRubaian,luiy,0
MajedAlRubaian,IUNetSci,0
MajedAlRubaian,DavidUberti,0
MajedAlRubaian,SimonDeDeo,0
MajedAlRubaian,IndianaResearch,0
MajedAlRubaian,clayadavis,0
MajedAlRubaian,onurvarol,0
MajedAlRubaian,TruthyBotOrNot,0
MajedAlRubaian,smartconglobal,0
MajedAlRubaian,zdfvtal1,0
MajedAlRubaian,ibatly,0
MajedAlRubaian,AHMET182960,0
MajedAlRubaian,7keemM,0
MajedAlRubaian,sambohasse,0
MajedAlRubaian,wef,0
MajedAlRubaian,WIPO,0
MajedAlRubaian,rdlankes,0
MajedAlRubaian,bjfogg,0
MajedAlRubaian,merrierm,0
MajedAlRubaian,essir2015,0
MajedAlRubaian,CMpoi,0
MajedAlRubaian,hi_chaya,0
MajedAlRubaian,cjhutto,0
MajedAlRubaian,tanmit,0
alhdyan1435,fesal_64,0
alhdyan1435,moudimn,0
alhdyan1435,ALABDLI1402,0
alhdyan1435,abdulah9494,0
alhdyan1435,Alnsr_Al3almy,0
alhdyan1435,zxczxc302,0
alhdyan1435,aomr_7007,0
alhdyan1435,imajedov_,0
alhdyan1435,BaBander14147,0
alhdyan1435,tariqziud,0
alhdyan1435,SalomNfc,0
alhdyan1435,e_ff9,0
alhdyan1435,Nadia669Pt,0
alhdyan1435,KhalidA37777401,0
alhdyan1435,imroses9,0
alhdyan1435,lBRA_86,0
alhdyan1435,feras_alrowily,0
alhdyan1435,N333_nfc,0
alhdyan1435,FhdkWww,0
alhdyan1435,wwwqq33,0
alhdyan1435,muffrh,0
alhdyan1435,abuturki05444,0
alhdyan1435,d__g10,0
alhdyan1435,ehab_busail,0
alhdyan1435,saaly_2015,0
alhdyan1435,no200io,0
alhdyan1435,1nader12,0
alhdyan1435,Amal2010l,0
alhdyan1435,3bdalsalam1,0
alhdyan1435,REYOUF_98,0
alhdyan1435,albasil_ksa,0
alhdyan1435,AljohaniNajlaa,0
alhdyan1435,saaa30gg,0
alhdyan1435,sd42me,0
alhdyan1435,TheebWarqan,0
alhdyan1435,Alnassr_9_,0
alhdyan1435,itsh_nfc,0
alhdyan1435,VarGas30_,0
alhdyan1435,a_alkheliwi666,0
alhdyan1435,24Tmater,0
alhdyan1435,3e6a5ad37958435,0
alhdyan1435,Fahad4283224957,0
alhdyan1435,O0omaA,0
alhdyan1435,gdhfdvfdg,0
alhdyan1435,farfeshny2015,0
alhdyan1435,Jalalabwtamam,0
alhdyan1435,daimond1405,0
alhdyan1435,mmaabb321,0
alhdyan1435,mnollll222,0
alhdyan1435,ahm1126,0
alhdyan1435,t3aon1,0
alhdyan1435,3almy_9,0
alhdyan1435,nsr_aa,0
alhdyan1435,fs0072012,0
alhdyan1435,nohkhl560,0
alhdyan1435,nassr9064,0
alhdyan1435,alnifff55555,0
alhdyan1435,m_sahlaawi10,0
alhdyan1435,asd435147,0
alhdyan1435,gf_ydg,0
alhdyan1435,mo_momomoa2011,0
alhdyan1435,asas00119,0
alhdyan1435,aboomarnass,0
alhdyan1435,mmaacc222,0
alhdyan1435,mutairi424,0
alhdyan1435,AlmostdearNassr,0
alhdyan1435,kllylk2,0
alhdyan1435,yeoosf690,0
alhdyan1435,bayans18,0
alhdyan1435,rimaay12,0
alhdyan1435,Ali_alabdallh,0
alhdyan1435,Afr545A,0
alhdyan1435,nolmerer,0
alhdyan1435,aal_mtc,0
alhdyan1435,tot_s10,0
alhdyan1435,talal_alanziy,0
alhdyan1435,liCrazli,0
alhdyan1435,uhrh956,0
alhdyan1435,NFC_i9,0
alhdyan1435,ria6666,0
alhdyan1435,sakar900,0
alhdyan1435,goodshamr22,0
alhdyan1435,udhejkf,0
alhdyan1435,Reee96,0
alhdyan1435,fofo_5445,0
alhdyan1435,gg85031,0
alhdyan1435,33m_aa,0
alhdyan1435,1234Saraaa1234,0
alhdyan1435,moahmmad346,0
alhdyan1435,S5_M6_,0
alhdyan1435,no6mo89,0
alhdyan1435,sadasas72,0
alhdyan1435,bafarynassraoy,0
alhdyan1435,k6_ksa,0
alhdyan1435,shemo5_11,0
alhdyan1435,turkisweetman,0
alhdyan1435,ahlahm09,0
alhdyan1435,fahadaafet1,0
alhdyan1435,FAl3wad,0
moatazmatar,nafaad,0
moatazmatar,MorriJaber,0
moatazmatar,montaseregy,0
moatazmatar,al3sri2,0
moatazmatar,KBZNews,0
moatazmatar,yousrisaid1,0
moatazmatar,AboelelaM,0
moatazmatar,justjoinmee,0
moatazmatar,G_9,0
moatazmatar,drtarekelzomor,0
moatazmatar,shabab6april,0
moatazmatar,felixturner,0
moatazmatar,tamerabuarab,0
moatazmatar,tutue_elsheikh,0
moatazmatar,tounsiahourra,0
moatazmatar,egyptok,0
moatazmatar,Some_other_one,0
moatazmatar,marwanyouness,0
moatazmatar,BSSM_BARCA,0
moatazmatar,magdymansour345,0
moatazmatar,mahalondon,0
moatazmatar,alh_oria,0
moatazmatar,amrelhady4000,0
moatazmatar,drassagheer,0
moatazmatar,YasserAli5867,0
moatazmatar,alnagar80,0
moatazmatar,ramymahrous44,0
moatazmatar,Marwa__Elgably,0
moatazmatar,Jan25Nahla,0
moatazmatar,SheriKamel,0
moatazmatar,Anas7asan,0
moatazmatar,RevSocMe,0
moatazmatar,MahaAzim_,0
moatazmatar,HQ875,0
moatazmatar,saso822,0
moatazmatar,sherif1966s,0
moatazmatar,M7mdSm3el,0
moatazmatar,shesheny,0
moatazmatar,sarahote,0
moatazmatar,CairoNewsPortal,0
moatazmatar,ultrasmoataz,0
moatazmatar,amrellissy,0
moatazmatar,SoniaElSakka,0
moatazmatar,HossamShorbagy,0
moatazmatar,AbdullahElshrif,0
moatazmatar,marezogy,0
moatazmatar,AbdullahElJzzar,0
moatazmatar,maspero2011,0
moatazmatar,EHSSANALFAKEEH,0
moatazmatar,muhamsalah,0
moatazmatar,Abdallah_alk3me,0
moatazmatar,HendBass,0
moatazmatar,marola0a,0
moatazmatar,6.74291E+14,0
moatazmatar,RizkCOzann,0
moatazmatar,ZahidGol,0
moatazmatar,sami8sss,0
moatazmatar,masrextra,0
moatazmatar,somayyaganainy,0
moatazmatar,wael_hafez,0
moatazmatar,LoveLiberty,0
moatazmatar,aloofy1,0
moatazmatar,MonaAlesam,0
moatazmatar,AhmedGalaleldin,0
moatazmatar,Khaledali251,0
moatazmatar,AliAldafiri,0
moatazmatar,AzmiBishara,0
moatazmatar,khanfarw,0
moatazmatar,abdelbariatwan,0
moatazmatar,jamalrayyan,0
moatazmatar,MouhamedAttia,0
moatazmatar,3arabawy,0
moatazmatar,drSaifAbdelFatt,0
moatazmatar,m_alhwary,0
moatazmatar,MhdHHeikal,0
moatazmatar,ro7albmama2,0
moatazmatar,salamaawy,0
moatazmatar,HuffPostArabi,0
moatazmatar,EGVenus,0
moatazmatar,alrfhaoy102,0
moatazmatar,FinalRule,0
moatazmatar,mostafaragheb5,0
moatazmatar,RashaKenawi,0
moatazmatar,adelpsc43,0
moatazmatar,amr__tawfik,0
moatazmatar,HennaSafy,0
moatazmatar,BUANSAM,0
moatazmatar,MoonSyriat,0
moatazmatar,hasanAlfaify,0
moatazmatar,ahmedsamir1981,0
moatazmatar,wesoohany,0
moatazmatar,TkiyetUmAli,0
moatazmatar,sharifa_alsai,0
moatazmatar,SalomaLotfy,0
moatazmatar,NabilAlawadhy,0
moatazmatar,awadalqarni,0
moatazmatar,lolo2403,0
moatazmatar,M11112111,0
moatazmatar,salamah,0
moatazmatar,saadg999,0
sallykohn,jensnow,0
sallykohn,ZoltCharger,0
sallykohn,PatsKarvelas,0
sallykohn,lawrenceatl,0
sallykohn,Wade_Davis28,0
sallykohn,DorothyERoberts,0
sallykohn,moltke,0
sallykohn,ChicagoRising,0
sallykohn,BYP_100,0
sallykohn,cher,0
sallykohn,NateSilver538,0
sallykohn,GracingTheWorld,0
sallykohn,amandlastenberg,0
sallykohn,EstherPerel,0
sallykohn,TaraSetmayer,0
sallykohn,rubinafillion,0
sallykohn,portmantina,0
sallykohn,acav,0
sallykohn,cabotventures,0
sallykohn,GoodBerger,0
sallykohn,MatthewModine,0
sallykohn,ashleytbrundage,0
sallykohn,AndreaSyrtash,0
sallykohn,spfdpublicforum,0
sallykohn,WesMoore1,0
sallykohn,1ChristineLahti,0
sallykohn,jeffreytambor,0
sallykohn,jamilahking,0
sallykohn,AmyTan,0
sallykohn,emmettrensin,0
sallykohn,thecounter,0
sallykohn,klear_com,0
sallykohn,NYNewsgirl,0
sallykohn,Tatum_Oneal,0
sallykohn,acehotel,0
sallykohn,jemimakirke,0
sallykohn,harinef,0
sallykohn,dstfelix,0
sallykohn,KateySagal,0
sallykohn,SalmanRushdie,0
sallykohn,AimeeMullins,0
sallykohn,rupertfriend,0
sallykohn,JoaquinCastrotx,0
sallykohn,aldabaran42,0
sallykohn,leedsgarcia,0
sallykohn,realmoamer,0
sallykohn,SofieRKarasek,0
sallykohn,UncleRUSH,0
sallykohn,alanfeuer,0
sallykohn,MAKERSwomen,0
sallykohn,ConstanceWu,0
sallykohn,AkilahObviously,0
sallykohn,unfoRETTAble,0
sallykohn,drmoore,0
sallykohn,_JonathanButler,0
sallykohn,CarlosGreer,0
sallykohn,cdramy,0
sallykohn,amrwaked,0
sallykohn,teamreboot,0
sallykohn,Pistachio,0
sallykohn,AhMukhtar,0
sallykohn,ben_geier,0
sallykohn,BrandonWeber_UP,0
sallykohn,alvira51,0
sallykohn,bonifacemwangi,0
sallykohn,trapj99,0
sallykohn,ImEricaCampbell,0
sallykohn,AcaciaBrinley,0
sallykohn,chrisgayomali,0
sallykohn,karenkho,0
sallykohn,rosana,0
sallykohn,laurenmosenthal,0
sallykohn,Summit,0
sallykohn,mollitudo,0
sallykohn,jennifer_e_hill,0
sallykohn,92Y,0
sallykohn,mwjohnso,0
sallykohn,juliezeilinger,0
sallykohn,witchiione,0
sallykohn,mindykaling,0
sallykohn,the_rewm,0
sallykohn,LinseyDavis,0
sallykohn,MLTellado,0
sallykohn,katebornstein,0
sallykohn,Otherwild,0
sallykohn,ourladyj,0
sallykohn,Gothamist,0
sallykohn,EmmyLaybourne,0
sallykohn,awkwardpuppets,0
sallykohn,parlio,0
sallykohn,getLittleBird,0
sallykohn,marshallk,0
sallykohn,michcoll,0
sallykohn,taffyakner,0
sallykohn,laurenm,0
sallykohn,KaraOTR,0
sallykohn,alexiswg22,0
sallykohn,FQuadrani,0
sallykohn,khinman,0
sallykohn,melaniebuck,0
parnexius,HemenGandhi,0
parnexius,thefalll,0
parnexius,eipiplusonezero,0
parnexius,NillaTB,0
parnexius,JonathanCarro18,0
parnexius,hgoldenberg,0
parnexius,DavidHelinski,0
parnexius,EngHasanCCIE,0
parnexius,EvanSinar,0
parnexius,IanMCalvert,0
parnexius,bmischo,0
parnexius,razzredge,0
parnexius,sagar327760,0
parnexius,msharma_va,0
parnexius,SuperBahl,0
parnexius,silviakspiva,0
parnexius,AhnaHendrix,0
parnexius,knollstech,0
parnexius,9766144560,0
parnexius,rpotunee,0
parnexius,IndexSecurities,0
parnexius,komalmangu,0
parnexius,lyonsunited,0
parnexius,RokLibnik,0
parnexius,shimizu08,0
parnexius,atwebaze,0
parnexius,ccie6747,0
parnexius,marknoe23,0
parnexius,JohnCBorkowski3,0
parnexius,JohnLHAtDell,0
parnexius,Hodges_AL,0
parnexius,brucedegn,0
parnexius,franklincflint,0
parnexius,perniciaro,0
parnexius,internetthought,0
parnexius,Ronald_vanLoon,0
parnexius,ryan_liang,0
parnexius,scottddougherty,0
parnexius,rmelody,0
parnexius,DMBisson,0
parnexius,ScrumDan,0
parnexius,PhilGlutting,0
parnexius,Ruchi_Bhargava,0
parnexius,FX_Digital,0
parnexius,steven_dake,0
parnexius,DougWFisher,0
parnexius,cw_spence,0
parnexius,timothymoran,0
parnexius,hbrock25,0
parnexius,berrange,0
parnexius,rgunjan,0
parnexius,golubbe,0
parnexius,dreinidaho,0
parnexius,r1ngback,0
parnexius,dikshie,0
parnexius,Ossamah,0
parnexius,sdxcentral,0
parnexius,bluteen27,0
parnexius,terrencedbrooks,0
parnexius,JorgeLSotoP,0
parnexius,tialofts,0
parnexius,cyrilril,0
parnexius,CCIE28901,0
parnexius,CraigHadix,0
parnexius,asheahen,0
parnexius,chantelje,0
parnexius,aaffendi23,0
parnexius,sonny_h,0
parnexius,GSA_CIO,0
parnexius,VivekKundra,0
parnexius,fcc_cio,0
parnexius,JohnGallant1,0
parnexius,danielnewmanUV,0
parnexius,ScotFinnie,0
parnexius,ChipCorrera,0
parnexius,curetonl,0
parnexius,stevenvDC,0
parnexius,marydavie,0
parnexius,caseycoleman,0
parnexius,colinosburn,0
parnexius,ericgraafland,0
parnexius,adamhleach,0
parnexius,RigolEMC,0
parnexius,gmtomko,0
parnexius,Richard_Sink,0
parnexius,James_Haight,0
parnexius,ceebee308,0
parnexius,CollChris,0
parnexius,rohitkshe,0
parnexius,boss_mako,0
parnexius,NFVsales,0
parnexius,KuroshTweets,0
parnexius,MorganaStell,0
parnexius,Paul_the_IT_guy,0
parnexius,seemas12,0
parnexius,RobertoVjlla,0
parnexius,jfpalngipang,0
parnexius,makiyavichi,0
parnexius,scalxndr,0
parnexius,ElFadiliY,0
Veracode,DworkinDarren,0
Veracode,fineprintpro,0
Veracode,LBrousell,0
Veracode,CIOCoach,0
Veracode,Monica_Eaton,0
Veracode,ssmith_calabor,0
Veracode,mikekrupa,0
Veracode,jasonsparrow,0
Veracode,_JRamsden,0
Veracode,quinnelk,0
Veracode,johnmerritt,0
Veracode,JWVance,0
Veracode,BradcAnderson,0
Veracode,dougbachelor,0
Veracode,LaneCooperTL,0
Veracode,pfoxhoven,0
Veracode,heathlehman,0
Veracode,tempo,0
Veracode,rbillock,0
Veracode,FrankWander,0
Veracode,wjboynton,0
Veracode,FrankHolzkamp,0
Veracode,EugeneKesselman,0
Veracode,GTBJr,0
Veracode,crossderry,0
Veracode,MicrosoftMD,0
Veracode,EricDBrown,0
Veracode,anaaldea,0
Veracode,PhilipBlackett,0
Veracode,diego_s,0
Veracode,swee06840,0
Veracode,bobstanke,0
Veracode,microsole,0
Veracode,stevevolp,0
Veracode,bjonesnDC,0
Veracode,itisurprince,0
Veracode,sashank_dara,0
Veracode,KevinNay,0
Veracode,Gmanfunky,0
Veracode,glenj,0
Veracode,RodneyCaston,0
Veracode,MyInfoSecLife,0
Veracode,kjvalentine,0
Veracode,InfoMavenDC,0
Veracode,themosquito,0
Veracode,xnavyct,0
Veracode,Infosec_Andy,0
Veracode,Buck0_,0
Veracode,nathan_berg92,0
Veracode,QuikSilver75,0
Veracode,Fariiiiiis,0
Veracode,pgarciaj13,0
Veracode,NancyRAtDell,0
Veracode,reedox,0
Veracode,shawnetuma,0
Veracode,aricperminter,0
Veracode,nateraper,0
Veracode,cmagill,0
Veracode,lesthompson,0
Veracode,Binaryburn,0
Veracode,gchetrick,0
Veracode,EmmaKava,0
Veracode,akhilesh_rb,0
Veracode,bsting54,0
Veracode,jasonbrown17,0
Veracode,christinesay1,0
Veracode,cj3r3my,0
Veracode,j2mccluggage,0
Veracode,WalterKronkite,0
Veracode,IntegrityCEO,0
Veracode,johnmisczak,0
Veracode,rrinva,0
Veracode,jgrevich,0
Veracode,joyce_brocaglia,0
Veracode,btoffel,0
Veracode,stillchar,0
Veracode,roadzy,0
Veracode,gideonras,0
Veracode,philames,0
Veracode,austininfosec,0
Veracode,RodgerJaskolka,0
Veracode,mrbcyber,0
Veracode,Razmus21,0
Veracode,cerodrigueza,0
Veracode,PoynerPrivacy,0
Veracode,jeffreyhwilson,0
Veracode,Alex_Cartaya,0
Veracode,seansmith499,0
Veracode,BryonKMiller,0
Veracode,isdpodcast,0
Veracode,MarcusHulse,0
Veracode,drewdolson,0
Veracode,InfoSecTEKRecE,0
Veracode,kpalmgren,0
Veracode,christoperj,0
Veracode,pizen,0
Veracode,alexcrittenden,0
Veracode,LeeMangold,0
Veracode,ShayneBates,0
Veracode,DavidWaggoner,0
ThinkThruMath,joboaler,0
ThinkThruMath,R10instruction,0
ThinkThruMath,stemeducation,0
ThinkThruMath,EdTech_K12,0
ThinkThruMath,ETRoundup,0
ThinkThruMath,LearningAccel,0
ThinkThruMath,EdWeekEdTech,0
ThinkThruMath,MegMarMe,0
ThinkThruMath,burgessdave,0
ThinkThruMath,centerdigitaled,0
ThinkThruMath,HuffPostEdu,0
ThinkThruMath,EngageOK,0
ThinkThruMath,TheBigDealBook,0
ThinkThruMath,bradmcurrie,0
ThinkThruMath,WhiteHouse,0
ThinkThruMath,InterSectorPGH,0
ThinkThruMath,google,0
ThinkThruMath,BowmanOutside,0
ThinkThruMath,jstaley06,0
ThinkThruMath,BobTheBotMaker,0
ThinkThruMath,SaldiernaM,0
ThinkThruMath,ellenjdorr,0
ThinkThruMath,ShiftParadigm,0
ThinkThruMath,NicolRHoward,0
ThinkThruMath,knowledgeworks,0
ThinkThruMath,snbeach,0
ThinkThruMath,globalearner,0
ThinkThruMath,CK12Foundation,0
ThinkThruMath,robertjmarzano,0
ThinkThruMath,keciaray,0
ThinkThruMath,wfryer,0
ThinkThruMath,IntelEDU,0
ThinkThruMath,hdiblasi,0
ThinkThruMath,claychristensen,0
ThinkThruMath,edmodo,0
ThinkThruMath,All4Ed,0
ThinkThruMath,DigitalPromise,0
ThinkThruMath,DrTonyWagner,0
ThinkThruMath,tonyvincent,0
ThinkThruMath,TeachThought,0
ThinkThruMath,suevanhattum,0
ThinkThruMath,2learn2,0
ThinkThruMath,Larryferlazzo,0
ThinkThruMath,ddmeyer,0
ThinkThruMath,audreywatters,0
ThinkThruMath,anniemurphypaul,0
ThinkThruMath,PghSuptLane,0
ThinkThruMath,EdSurge,0
ThinkThruMath,michaelbhorn,0
ThinkThruMath,cwhitetech,0
ThinkThruMath,adambellow,0
ThinkThruMath,KleinErin,0
ThinkThruMath,kylepace,0
ThinkThruMath,willrich45,0
ThinkThruMath,daveandcori,0
ThinkThruMath,justintarte,0
ThinkThruMath,betamiller,0
ThinkThruMath,web20classroom,0
ThinkThruMath,kevin_corbett,0
ThinkThruMath,mrnesi,0
ThinkThruMath,susandpatrick,0
ThinkThruMath,kcator,0
ThinkThruMath,thenerdyteacher,0
ThinkThruMath,shannonmmiller,0
ThinkThruMath,MathletePearce,0
ThinkThruMath,EdTechTeacher21,0
ThinkThruMath,brholland,0
ThinkThruMath,ShawnMcCusker,0
ThinkThruMath,Angela_Watson,0
ThinkThruMath,21stprincipal,0
ThinkThruMath,zolihonig,0
ThinkThruMath,elliotsanchez,0
ThinkThruMath,FCastilloFierro,0
ThinkThruMath,wileyccoyote,0
ThinkThruMath,EdTechCaveman,0
ThinkThruMath,stefwinland,0
ThinkThruMath,TeacherWithTuba,0
ThinkThruMath,WoodstockMS,0
ThinkThruMath,whitneylee722,0
ThinkThruMath,eewheeler,0
ThinkThruMath,RobertSurber,0
ThinkThruMath,MissCarlile2,0
ThinkThruMath,coach_sv,0
ThinkThruMath,TejasTechToad,0
ThinkThruMath,johnwick,0
ThinkThruMath,HebronValleyES,0
ThinkThruMath,hoothappenings,0
ThinkThruMath,maxsont,0
ThinkThruMath,FCTDtweet,0
ThinkThruMath,Mental_Aikido,0
ThinkThruMath,hhh_laughery,0
ThinkThruMath,MargieLSimpson,0
ThinkThruMath,SocialRugratFTW,0
ThinkThruMath,tracyweeks,0
ThinkThruMath,PennilessTchr,0
ThinkThruMath,MastinDeana,0
ThinkThruMath,ArlenWms,0
ThinkThruMath,RipleyHouse,0
ThinkThruMath,emsisdits,0
ThinkThruMath,CharEmSTEM,0
kevhahn,NFL,0
kevhahn,EAMaddenNFL,0
kevhahn,shawnmjones,0
kevhahn,EmilyRiedel23,0
kevhahn,sudonathan,0
kevhahn,BrianPillmore,0
kevhahn,swaroop_ks,0
kevhahn,Peterd3n,0
kevhahn,JJackson1130,0
kevhahn,DallasStamper,0
kevhahn,EricPool1,0
kevhahn,wimmerjl,0
kevhahn,marshagobble,0
kevhahn,chesspresso,0
kevhahn,TommyboyCAN,0
kevhahn,DailyParentTip,0
kevhahn,PackerTweets,0
kevhahn,AudreyLStorm,0
kevhahn,DavidAStorm,0
kevhahn,AI_JeremyW,0
kevhahn,jglesner,0
kevhahn,unohuur,0
kevhahn,gdsimmons79,0
freelanceswtest,AbstractaUS,0
freelanceswtest,StephDesby,0
freelanceswtest,ministryoftest,0
freelanceswtest,FriendlyTester,0
freelanceswtest,s_colson,0
freelanceswtest,thoughtworks,0
freelanceswtest,JARtechnologies,0
freelanceswtest,MariaLoughlin,0
freelanceswtest,testingclub,0
freelanceswtest,lynnaloo,0
freelanceswtest,StickyMinds,0
freelanceswtest,BADtesting,0
freelanceswtest,gdsimmons79,0
freelanceswtest,ted2foye,0
freelanceswtest,CFLittleCreek,0
achillean,aerotwist,0
achillean,jerome_etienne,0
achillean,dakami,0
achillean,josephfcox,0
achillean,bagder,0
achillean,glaslos,0
achillean,j_j_thompson,0
achillean,digitalbond,0
achillean,brian_warehime,0
achillean,jeffmcjunkin,0
achillean,concinnityrisks,0
achillean,robac3,0
achillean,kylemaxwell,0
achillean,DaveManouchehri,0
achillean,georgestarcher,0
achillean,Kaplan_CERTat,0
achillean,tmanning,0
achillean,Hyp0tez,0
achillean,jaredbird,0
achillean,amelsec,0
achillean,rvonpost,0
achillean,bryansowen,0
achillean,leifnixon,0
achillean,93n7t,0
achillean,jseidl,0
achillean,colCERT,0
achillean,shannonsistrunk,0
achillean,DanielMiessler,0
achillean,_fel1x,0
achillean,Botconf,0
achillean,thorsheim,0
achillean,internetofshit,0
achillean,malware_traffic,0
achillean,radareorg,0
achillean,wimremes,0
achillean,maradydd,0
achillean,x42x___,0
achillean,cachelot_io,0
achillean,tcp130x10,0
achillean,jeremiahg,0
achillean,AfricaHackon,0
achillean,tyrus_,0
achillean,ethicalhack3r,0
achillean,marcinignac,0
achillean,MichaelDell,0
achillean,Netexplo,0
achillean,GSMcNamara,0
achillean,dark_k3y,0
achillean,AustinHackers,0
achillean,marcblackmer,0
achillean,SomaAnalytics,0
achillean,viciloves,0
achillean,plasma2002,0
achillean,teamcymru,0
achillean,LGScout,0
achillean,rapid7,0
achillean,ZeljkaZorz,0
achillean,xvandervoort,0
achillean,nabla_c0d3,0
achillean,kylefleming217,0
achillean,worriedmonk,0
achillean,ZephrFish,0
achillean,PMason00,0
achillean,HITBSecConf,0
achillean,LegitBS_CTF,0
achillean,_LittleBobby_,0
achillean,RandyWestergren,0
achillean,cybergibbons,0
achillean,HeadlessZeke,0
achillean,RobertMLee,0
achillean,The_Alanyst,0
achillean,gmillard,0
achillean,Veracode,0
achillean,ChunkrGames,0
achillean,MalwareMustDie,0
achillean,AlxRogan,0
achillean,N_cnew,0
achillean,bhutabe,0
achillean,mlee_security,0
achillean,ParameterHacker,0
achillean,dstufft,0
achillean,mjxg,0
achillean,argevise,0
achillean,davidcadrian,0
achillean,sdupton,0
achillean,tkeanini,0
achillean,clairewf24,0
achillean,addisgu,0
achillean,dc0de,0
achillean,dancosta,0
achillean,InfosecManBlog,0
achillean,bernardmoon,0
achillean,JanneFI,0
achillean,EvanaAutomation,0
achillean,ControlSysWorld,0
achillean,Beckhoff,0
achillean,OmronEurope,0
achillean,JorisLarik,0
achillean,Tom_VanNorman,0
achillean,OmronAutomation,0
gtrnoc,FaryanAM,0
gtrnoc,sama,0
gtrnoc,StephenFleming,0
gtrnoc,blairmacintyre,0
gtrnoc,echofon,0
gtrnoc,gtmsports,0
gtrnoc,RoboJackets,0
gtrnoc,gvucenter,0
gtrnoc,IPaTGT,0
gtrnoc,gtsga,0
gtrnoc,GeorgiaTech,0
gtrnoc,FutureMediaGA,0
gtrnoc,GT_msanders,0
gtrnoc,bryjeep,0
icse2015,Felienne,0
icse2015,AndreasZeller,0
icse2015,carloghezzi,0
icse2015,bianculld,0
icse2015,fake_icse,0
icse2015,sebaelbaum,0
icse2015,patricia_lago,0
icse2015,antoniabertolin,0
icse2015,googleresearch,0
icse2015,APierantonio,0
icse2015,fyufyu,0
icse2015,unlimitedkw,0
icse2015,akoziolek,0
icse2015,IEEEComputerSoc,0
icse2015,IEEESA,0
icse2015,ENGINEERINGcom,0
icse2015,IEEEFoundation,0
icse2015,IEEEDay,0
icse2015,IEEESpectrum,0
icse2015,IEEEPress,0
icse2015,IEEEtv,0
icse2015,ComSoc,0
icse2015,MSFTResearch,0
icse2015,IEEEorg,0
icse2015,IEEEXplore,0
icse2015,CS_Conferences,0
icse2015,antoninosabetta,0
icse2015,TheOfficialACM,0
icse2015,ComputerSociety,0
icse2015,tomzimmermann,0
icse2015,EARTOBrussels,0
icse2015,rbartkevicius,0
icse2015,ow2,0
icse2015,NeilMaiden,0
icse2015,ePracticeEu,0
icse2015,FabioKon,0
icse2015,vconect,0
icse2015,vtrip,0
icse2015,socialminds_eu,0
icse2015,ow2tc,0
icse2015,TA2project,0
icse2015,csunicam,0
icse2015,LinagoraLabs,0
icse2015,amletodisalle,0
icse2015,animeshpathak,0
icse2015,projectchoreos,0
icse2015,cedricth,0
icse2015,DDiRuscio,0
icse2015,MassimoTivoli,0
icse2015,github,0
icse2015,CNN,0
icse2015,eventbrite,0
icse2015,ieee_re,0
icse2015,stachliu,0
icse2015,lanyrd,0
icse2015,UofTAIS,0
icse2015,gessi_upc,0
icse2015,GOTOzrh,0
icse2015,CSEET2013,0
icse2015,rmod_inria,0
icse2015,archinotes,0
icse2015,reser2013,0
icse2015,impactmeds,0
icse2015,esecfse,0
icse2015,pellicciTwit,0
icse2015,FSEconf,0
icse2015,marcoautili,0
icse2015,ASEConf2014,0
icse2015,gerosa_marco,0
icse2015,CRC_CompSci,0
icse2015,plopcon,0
icse2015,MOBSWorkshop,0
icse2015,laptapos,0
icse2015,relengcon,0
icse2015,picoVerse,0
icse2015,Romina_Spa,0
icse2015,hootsuite,0
icse2015,DelftSWA,0
icse2015,SQLPerfTips,0
icse2015,RealityChartRCA,0
icse2015,sci_engUL,0
icse2015,autosoft_,0
icse2015,sigsoft,0
icse2015,icse2013,0
icse2015,ICSE2014,0
ProceraNetworks,berniebernstein,0
ProceraNetworks,TeleWRTRLiz,0
ProceraNetworks,Zain,0
ProceraNetworks,CXMWorld,0
ProceraNetworks,AnilRaoAM,0
ProceraNetworks,INFA_BD,0
ProceraNetworks,SarahThomas1011,0
ProceraNetworks,minigrrl,0
ProceraNetworks,AdaOkeleke,0
ProceraNetworks,chantelcary1,0
ProceraNetworks,LyndonCantor,0
ProceraNetworks,SusanFogarty,0
ProceraNetworks,marciasavage,0
ProceraNetworks,WiFivomFranMan,0
ProceraNetworks,andsten,0
ProceraNetworks,Ryan_Knutson,0
ProceraNetworks,tgryta,0
ProceraNetworks,robhaim,0
ProceraNetworks,RichardWaters,0
ProceraNetworks,levynews,0
ProceraNetworks,OrangeKenya,0
ProceraNetworks,accesskenyacom,0
ProceraNetworks,CableLabs,0
ProceraNetworks,astanleyPR,0
ProceraNetworks,EricssonCloudIP,0
ProceraNetworks,PatrickMoorhead,0
ProceraNetworks,JohnFruehe,0
ProceraNetworks,globalwebindex,0
ProceraNetworks,AjitPaiFCC,0
ProceraNetworks,brianboyer,0
ProceraNetworks,The_New_IP,0
ProceraNetworks,mckelveyf,0
ProceraNetworks,canhostca,0
ProceraNetworks,TechAllyson,0
ProceraNetworks,pdykes_tmforum,0
ProceraNetworks,ufinetelecom,0
ProceraNetworks,RANGlobal,0
ProceraNetworks,RedHatNews,0
ProceraNetworks,dbrakeITIF,0
ProceraNetworks,telecomcouncil,0
ProceraNetworks,amartus_com,0
ProceraNetworks,seankinneyRCR,0
ProceraNetworks,skingstone,0
ProceraNetworks,Jim_Hodges,0
ProceraNetworks,Simon_Stanley,0
ProceraNetworks,theACSI,0
ProceraNetworks,TheresaCramer,0
ProceraNetworks,jordannovet,0
ProceraNetworks,kifleswing,0
ProceraNetworks,JonathanVanian,0
ProceraNetworks,womengineer,0
ProceraNetworks,airportscouncil,0
ProceraNetworks,IEEESDN,0
ProceraNetworks,igeday_swe,0
ProceraNetworks,renunavale,0
ProceraNetworks,karl_and,0
ProceraNetworks,Ceciliacemb,0
ProceraNetworks,OwenRDHughes,0
ProceraNetworks,malleven33,0
ProceraNetworks,FierceWirelessE,0
ProceraNetworks,fiercewrlsstech,0
ProceraNetworks,ConnectSafely,0
ProceraNetworks,OGT,0
ProceraNetworks,DarlaWigginton,0
ProceraNetworks,Ciena,0
ProceraNetworks,ICANN,0
ProceraNetworks,khillrcr,0
ProceraNetworks,EGubbinsAnalyst,0
ProceraNetworks,Heavy_Reading,0
ProceraNetworks,torrentfreak,0
ProceraNetworks,HowardKoplowitz,0
ProceraNetworks,JoyceTsaiNews,0
ProceraNetworks,GlobeNet_Corp,0
ProceraNetworks,LCMS_Panthers,0
ProceraNetworks,GirlsWhoCode,0
ProceraNetworks,CSEdWeek,0
ProceraNetworks,SRVUSD1,0
ProceraNetworks,ShaliniWSJ,0
ProceraNetworks,LauInLA,0
ProceraNetworks,tvasen,0
ProceraNetworks,TaraNeal11,0
ProceraNetworks,PeerApp,0
ProceraNetworks,TelecomReview2,0
ProceraNetworks,TechRepublicUK,0
ProceraNetworks,TechWeekEurope,0
ProceraNetworks,AlliedTelesisMX,0
ProceraNetworks,AlanBreznick,0
ProceraNetworks,AlliedTelesisEU,0
ProceraNetworks,AlliedTelesisNA,0
ProceraNetworks,AlliedTelesisRu,0
ProceraNetworks,harrymccracken,0
ProceraNetworks,AlliedTelesis,0
ProceraNetworks,VisualOnInc,0
ProceraNetworks,FuturecomEvent,0
ProceraNetworks,TheAtlTech,0
ProceraNetworks,JBennet,0
ProceraNetworks,aschmitt,0
ProceraNetworks,GIL_Global,0
ProceraNetworks,AdvantechNCG,0
ProceraNetworks,NetworkingTT,0
Attack_Secure,filedescriptor,0
Attack_Secure,hasherezade,0
Attack_Secure,MagsJauregui,0
Attack_Secure,lesleycarhart,0
Attack_Secure,wesecureapp_bbp,0
Attack_Secure,aalagha,0
Attack_Secure,s8t8s,0
Attack_Secure,_will_is_,0
Attack_Secure,jaredcatkinson,0
Attack_Secure,albinowax,0
Attack_Secure,ehackingdotnet,0
Attack_Secure,CRESTadvocate,0
Attack_Secure,Saif_Sherei,0
Attack_Secure,DrElguindy,0
Attack_Secure,hackertarget,0
Attack_Secure,DanielMiessler,0
Attack_Secure,Zerodium,0
Attack_Secure,dnkolegov,0
Attack_Secure,esevece,0
Attack_Secure,taig_jailbreak,0
Attack_Secure,dsrbr,0
Attack_Secure,Kerberosmansour,0
Attack_Secure,BugBountyPOC,0
Attack_Secure,corkami,0
Attack_Secure,sirdarckcat,0
Attack_Secure,sehacure,0
Attack_Secure,RandyWestergren,0
Attack_Secure,Black2Fan,0
Attack_Secure,riusksk,0
Attack_Secure,adelnet2k,0
Attack_Secure,armitagehacker,0
Attack_Secure,RSnake,0
Attack_Secure,KINGSABRI,0
Attack_Secure,securityaffairs,0
Attack_Secure,ethicalhack3r,0
Attack_Secure,Zigoo0,0
Attack_Secure,aboul3la,0
Attack_Secure,binaryz0ne,0
Attack_Secure,PentesterLab,0
Attack_Secure,JosipFranjkovic,0
Attack_Secure,Amr_Thabet,0
Attack_Secure,libber,0
Attack_Secure,WhatsApp,0
Attack_Secure,Agarri_FR,0
Attack_Secure,ONsec_lab,0
Attack_Secure,ValtmaNir,0
Attack_Secure,pwndizzle,0
Attack_Secure,satishb3,0
Attack_Secure,sethsec,0
Attack_Secure,Issam_Rabhi,0
Attack_Secure,OrenHafif,0
Attack_Secure,cschneider4711,0
Attack_Secure,AjaySinghNegi,0
Attack_Secure,shafigullin,0
Attack_Secure,kkotowicz,0
Attack_Secure,NealPoole,0
Attack_Secure,jgrusko,0
Attack_Secure,fjserna,0
Attack_Secure,SynackRedTeam,0
Attack_Secure,avlidienbrunn,0
Attack_Secure,NOBBD,0
Attack_Secure,smiegles,0
Attack_Secure,NahamSec,0
Attack_Secure,disclosedh1,0
Attack_Secure,GeohotUS,0
Attack_Secure,bitcoinctf,0
Attack_Secure,samykamkar,0
Attack_Secure,fin1te,0
Attack_Secure,JayKaplan,0
Attack_Secure,cobalt_io,0
Attack_Secure,Burp_Suite,0
Attack_Secure,Hacker0x01,0
Attack_Secure,Magoo,0
Attack_Secure,Stephen,0
Attack_Secure,pnig0s,0
Attack_Secure,BugBountyHQ,0
Attack_Secure,GiftsUngiven,0
Attack_Secure,ajaynegi2009,0
Attack_Secure,PikaPayBot,0
Attack_Secure,mimeframe,0
Attack_Secure,strandjs,0
Attack_Secure,ViRiiTk,0
Attack_Secure,ChrisADale,0
Attack_Secure,MarkBaggett,0
Attack_Secure,g0tmi1k,0
Attack_Secure,PythonResponder,0
Attack_Secure,digitoktav,0
Attack_Secure,r_netsec,0
Attack_Secure,THEdarknet,0
Attack_Secure,LightOS,0
Attack_Secure,gumroad,0
Attack_Secure,yappare,0
Attack_Secure,_sinn3r,0
Attack_Secure,0xroot,0
Attack_Secure,rafaybaloch,0
Attack_Secure,kalilinux,0
Attack_Secure,Nirgoldshlager,0
Attack_Secure,netbiosX,0
Attack_Secure,hxteam,0
Attack_Secure,amolnaik4,0
secugenius,parulhacks,0
secugenius,connectkshitij,0
secugenius,HARPREETKHATTAR,0
secugenius,Nimbuzz,0
secugenius,twitter,0
ComputerSociety,EGEIEEESB,0
ComputerSociety,alanalda,0
ComputerSociety,ProfGTB,0
ComputerSociety,ConnieBarrera1,0
ComputerSociety,bspector,0
ComputerSociety,TheNextPlatform,0
ComputerSociety,DaffyDave,0
ComputerSociety,Valencell_Inc,0
ComputerSociety,PCMag,0
ComputerSociety,pcworld,0
ComputerSociety,ReutersTech,0
ComputerSociety,IEEEtechtalk,0
ComputerSociety,WeAreWearables,0
ComputerSociety,stbaasch,0
ComputerSociety,drs_ch,0
ComputerSociety,CNET,0
ComputerSociety,IEEE_ULat,0
ComputerSociety,InfoSecSherpa,0
ComputerSociety,EISIC2015,0
ComputerSociety,DevopsRT,0
ComputerSociety,SAI,0
ComputerSociety,IEEEeCP,0
ComputerSociety,refractingdrew,0
ComputerSociety,illena_a,0
ComputerSociety,writingadam,0
ComputerSociety,ATTsecurity,0
ComputerSociety,MDMJonathan,0
ComputerSociety,AdvDiscovery,0
ComputerSociety,IEEETTM,0
ComputerSociety,wtvox,0
ComputerSociety,RussellProf,0
ComputerSociety,tomemrich,0
ComputerSociety,Wearablesdotcom,0
ComputerSociety,wardcallan,0
ComputerSociety,XYZprinting,0
ComputerSociety,GoEngineer,0
ComputerSociety,Tiertime3D,0
ComputerSociety,PwC_LLP,0
ComputerSociety,ProtoCafe,0
ComputerSociety,nkloski,0
ComputerSociety,L_HoneyPoint3D,0
ComputerSociety,voxel8co,0
ComputerSociety,BusbeeTravis,0
ComputerSociety,HP,0
ComputerSociety,autodesk,0
ComputerSociety,KelseyHumphreys,0
ComputerSociety,IEEEPSCSC,0
ComputerSociety,ieeecybsi,0
ComputerSociety,tweetasawyer,0
ComputerSociety,UCBStartup,0
ComputerSociety,sfciti,0
ComputerSociety,techmama,0
ComputerSociety,Entrepreneur,0
ComputerSociety,YoungEnt,0
ComputerSociety,DreamItAlive,0
ComputerSociety,AshKumra,0
ComputerSociety,santweets,0
ComputerSociety,b0rk,0
ComputerSociety,3DPrintDigest,0
ComputerSociety,Aravindhan6,0
ComputerSociety,n2cjn,0
ComputerSociety,ieeevanc,0
ComputerSociety,IEEETEC,0
ComputerSociety,IEEEWIE,0
ComputerSociety,newsbeagle,0
ComputerSociety,davidcohen,0
ComputerSociety,georgezimmer,0
ComputerSociety,AngelList,0
ComputerSociety,techstars,0
ComputerSociety,mikeolson,0
ComputerSociety,Inc,0
ComputerSociety,mashstartups,0
ComputerSociety,500Startups,0
ComputerSociety,NIH,0
ComputerSociety,MAPI_Mfg_Info,0
ComputerSociety,3dsystemscorp,0
ComputerSociety,pbrody,0
ComputerSociety,prabhjot48,0
ComputerSociety,s2_williams,0
ComputerSociety,BigStepInc,0
ComputerSociety,BlairChristie,0
ComputerSociety,DellSecurity,0
ComputerSociety,MarvinTheRobot,0
ComputerSociety,AustinTXNow,0
ComputerSociety,DaveTheFuturist,0
ComputerSociety,feraldata,0
ComputerSociety,BDJFuturist,0
ComputerSociety,On3DPrinting,0
ComputerSociety,learningcode,0
ComputerSociety,IEEEhistory,0
ComputerSociety,zachwe,0
ComputerSociety,3dprintindustry,0
ComputerSociety,3dersorg,0
ComputerSociety,cgcalnan,0
ComputerSociety,CASecurity,0
ComputerSociety,pjbeyer,0
ComputerSociety,jrpurvis3,0
ComputerSociety,itisruben,0
ComputerSociety,williampate,0
ComputerSociety,IBMSecurity,0
usc_dcresearch,SuzanneWebb14,0
usc_dcresearch,jennacavelle,0
usc_dcresearch,JenAshleyWright,0
usc_dcresearch,Ranky_Knows,0
usc_dcresearch,josiebaik,0
usc_dcresearch,virginiahughes,0
usc_dcresearch,jendziura,0
usc_dcresearch,builtinla,0
usc_dcresearch,allyebba,0
usc_dcresearch,USC_IMGD,0
usc_dcresearch,USC_ICT,0
usc_dcresearch,genome_gov,0
usc_dcresearch,NIGMS,0
usc_dcresearch,NIBIBgov,0
usc_dcresearch,USCSchPharmacy,0
usc_dcresearch,LinkedInMD,0
usc_dcresearch,PerkinElmer,0
usc_dcresearch,USCMexico,0
usc_dcresearch,LearCenter,0
usc_dcresearch,ToshibaInnovate,0
usc_dcresearch,sciencemagazine,0
usc_dcresearch,changeequation,0
usc_dcresearch,AndieHagemann,0
usc_dcresearch,meetzoe,0
usc_dcresearch,NairaRezende,0
usc_dcresearch,atasse,0
usc_dcresearch,brownengin,0
usc_dcresearch,leonidkruglyak,0
usc_dcresearch,NNInanonews,0
usc_dcresearch,USCRossier,0
usc_dcresearch,USCArchitecture,0
usc_dcresearch,mary_carmichael,0
usc_dcresearch,HHMINEWS,0
usc_dcresearch,WhoToFollowEDU,0
usc_dcresearch,COPEHS,0
usc_dcresearch,NHMLA,0
usc_dcresearch,casciencecenter,0
usc_dcresearch,AnnikaOBrien,0
usc_dcresearch,uscgamelab,0
usc_dcresearch,USCDavisSchool,0
usc_dcresearch,USCAnnenberg,0
usc_dcresearch,ASCJresearch,0
usc_dcresearch,USCAlumni,0
usc_dcresearch,dailytrojan,0
usc_dcresearch,Top25UniNews,0
usc_dcresearch,American_Heart,0
usc_dcresearch,kinojabber,0
usc_dcresearch,gatesfoundation,0
usc_dcresearch,uscroski,0
usc_dcresearch,SCAComedy,0
usc_dcresearch,DeptofDefense,0
usc_dcresearch,NYTHealth,0
usc_dcresearch,nprscience,0
usc_dcresearch,NASAedu,0
usc_dcresearch,DavidAgus,0
usc_dcresearch,whitehouseostp,0
usc_dcresearch,NIH_CommonFund,0
usc_dcresearch,NIHDirector,0
usc_dcresearch,USCFederal,0
usc_dcresearch,fastercures,0
usc_dcresearch,DeanYortsos,0
usc_dcresearch,USCDornsife,0
usc_dcresearch,ChildrensLA,0
usc_dcresearch,USC_Research,0
usc_dcresearch,uscsocialwork,0
usc_dcresearch,USCDADA,0
usc_dcresearch,HHSGov,0
usc_dcresearch,USCBKNPT,0
usc_dcresearch,uscweb,0
usc_dcresearch,KeckMedUSC,0
usc_dcresearch,USCCinema,0
usc_dcresearch,USCViterbi,0
usc_dcresearch,USC,0
usc_dcresearch,NIHFunding,0
usc_dcresearch,AHRQNews,0
usc_dcresearch,usedgov,0
usc_dcresearch,NSF,0
usc_dcresearch,CDCgov,0
usc_dcresearch,robynusc,0
usc_dcresearch,ashleygo,0
EmanAbouelatta,_PraveenD,0
EmanAbouelatta,DesignMakeTeach,0
EmanAbouelatta,agileschools,0
EmanAbouelatta,jboitnott,0
EmanAbouelatta,GWAcademyChi,0
EmanAbouelatta,steelemaley,0
EmanAbouelatta,SWrisley,0
EmanAbouelatta,ProjectHDesign,0
EmanAbouelatta,ImpactDesignHub,0
EmanAbouelatta,lesliegarner,0
EmanAbouelatta,patrickfhansen,0
EmanAbouelatta,jamaalabowman,0
EmanAbouelatta,CastillejaNews,0
EmanAbouelatta,DreamWorkshop,0
EmanAbouelatta,MindShiftKQED,0
EmanAbouelatta,zachklein,0
EmanAbouelatta,LBCulture,0
EmanAbouelatta,extremebydesign,0
EmanAbouelatta,YoniDejene,0
EmanAbouelatta,khanacademy,0
EmanAbouelatta,salkhanacademy,0
EmanAbouelatta,JoziGoddess,0
EmanAbouelatta,p_musvaire,0
EmanAbouelatta,ALAcademy,0
EmanAbouelatta,drfurman,0
EmanAbouelatta,NOLA_micro,0
EmanAbouelatta,ExpInstitute,0
EmanAbouelatta,lyproject,0
EmanAbouelatta,victorsaad,0
EmanAbouelatta,AlanBlankstein,0
EmanAbouelatta,JonGarc1a,0
EmanAbouelatta,asb_research,0
EmanAbouelatta,cocapimprov,0
EmanAbouelatta,jasontoddgreen,0
EmanAbouelatta,iftf,0
EmanAbouelatta,Getting_Smart,0
EmanAbouelatta,educause,0
EmanAbouelatta,NextGenLC,0
EmanAbouelatta,almotleyjr,0
EmanAbouelatta,kpmarinos,0
EmanAbouelatta,KerryHawk02,0
EmanAbouelatta,redbirdlearning,0
EmanAbouelatta,stanfordREDlab,0
EmanAbouelatta,aylonsamouha,0
EmanAbouelatta,OmarGabry,0
EmanAbouelatta,rana88alaa,0
EmanAbouelatta,sdeman,0
EmanAbouelatta,BIFsxl,0
EmanAbouelatta,mahmoudelassass,0
EmanAbouelatta,pertslab,0
EmanAbouelatta,hilaryamelia,0
EmanAbouelatta,LUMAInstitute,0
EmanAbouelatta,theASIDEblog,0
EmanAbouelatta,SparkShiftLab,0
EmanAbouelatta,edinitiativeco,0
EmanAbouelatta,designedulab,0
EmanAbouelatta,Tara_Jahn,0
EmanAbouelatta,DTprocess,0
EmanAbouelatta,cultofpedagogy,0
EmanAbouelatta,BebetteRyan,0
EmanAbouelatta,RoadtripEDU,0
EmanAbouelatta,GrantLichtman,0
EmanAbouelatta,blocht574,0
EmanAbouelatta,JamieArmin,0
EmanAbouelatta,watershed_co,0
EmanAbouelatta,thinkschools,0
EmanAbouelatta,jondeane,0
EmanAbouelatta,JohnKingatED,0
EmanAbouelatta,StanfordSFUSD,0
EmanAbouelatta,JillBromen,0
EmanAbouelatta,HFMarcChun,0
EmanAbouelatta,SparkProgram,0
EmanAbouelatta,CauseLabs,0
EmanAbouelatta,collectiveinven,0
EmanAbouelatta,reachfund,0
EmanAbouelatta,Design39Campus,0
EmanAbouelatta,msftcitizenship,0
EmanAbouelatta,shiftingthinkng,0
EmanAbouelatta,wlittle12,0
EmanAbouelatta,FlinkChris,0
EmanAbouelatta,RoadtripNation,0
EmanAbouelatta,StanfordEd,0
EmanAbouelatta,LS_Karl,0
EmanAbouelatta,ImagineeringED,0
EmanAbouelatta,tedfujimoto,0
EmanAbouelatta,CLewis4kids,0
EmanAbouelatta,lnazareno,0
EmanAbouelatta,snbeach,0
EmanAbouelatta,AkaMsCrowley,0
EmanAbouelatta,teachingquality,0
EmanAbouelatta,emagineIF,0
EmanAbouelatta,MaadawyEl,0
EmanAbouelatta,ZeinaChalich,0
EmanAbouelatta,4pt0schools,0
EmanAbouelatta,mollyclare,0
EmanAbouelatta,projectbreaker,0
EmanAbouelatta,tranosaurus,0
EmanAbouelatta,GOPublicSchools,0
EmanAbouelatta,angichau,0
EmanAbouelatta,jbm_barajas,0
craigmatsumoto,noironetworks,0
craigmatsumoto,Scobleizer,0
craigmatsumoto,KimZetter,0
craigmatsumoto,hdmoore,0
craigmatsumoto,mathewlodge,0
craigmatsumoto,csoandy,0
craigmatsumoto,ngiampa3,0
craigmatsumoto,schneierblog,0
craigmatsumoto,TDaytonPM,0
craigmatsumoto,krmarko,0
craigmatsumoto,DOverview,0
craigmatsumoto,NateSilver538,0
craigmatsumoto,HPE_News,0
craigmatsumoto,CMooshian,0
craigmatsumoto,simoncrosby,0
craigmatsumoto,HeatherRKirksey,0
craigmatsumoto,giano,0
craigmatsumoto,platformnet,0
craigmatsumoto,llang629,0
craigmatsumoto,PrivacyBadger,0
craigmatsumoto,Snowden,0
craigmatsumoto,BrianRSanto,0
craigmatsumoto,dconde_esg,0
craigmatsumoto,NetworkComputin,0
craigmatsumoto,BenBfathi,0
craigmatsumoto,kitcolbert,0
craigmatsumoto,afewell,0
craigmatsumoto,HelenMcI,0
craigmatsumoto,virtualsteve,0
craigmatsumoto,premsankar,0
craigmatsumoto,PGelsinger,0
craigmatsumoto,intelcapital,0
craigmatsumoto,StephenR13,0
craigmatsumoto,sparkycollier,0
craigmatsumoto,mpron,0
craigmatsumoto,alexbellos,0
craigmatsumoto,sdxtech,0
craigmatsumoto,Rob_Lloyd,0
craigmatsumoto,Drew_CM,0
craigmatsumoto,TheRegister,0
craigmatsumoto,editingwhiz,0
craigmatsumoto,TechJournalist,0
craigmatsumoto,bigthink,0
craigmatsumoto,jtroyer,0
craigmatsumoto,Jessicalessin,0
craigmatsumoto,NewHorizonsBot,0
craigmatsumoto,domdelfino,0
craigmatsumoto,speedneed2,0
craigmatsumoto,juliaochinero,0
craigmatsumoto,mkulkarn,0
craigmatsumoto,ajcochenour,0
craigmatsumoto,pburrows,0
craigmatsumoto,ChuckRobbins,0
craigmatsumoto,keithgriff,0
craigmatsumoto,tddupree,0
craigmatsumoto,derrickharris,0
craigmatsumoto,gigastacey,0
craigmatsumoto,compasscultura,0
craigmatsumoto,JonathanVanian,0
craigmatsumoto,ALU_IPOptics,0
craigmatsumoto,NLNils,0
craigmatsumoto,everycolorbot,0
craigmatsumoto,DavidMPollack,0
craigmatsumoto,Mierdin,0
craigmatsumoto,hxenos,0
craigmatsumoto,sgillai,0
craigmatsumoto,AstroKatie,0
craigmatsumoto,thenewstack,0
craigmatsumoto,enjolrasthewimp,0
craigmatsumoto,golang,0
craigmatsumoto,kfitchard,0
craigmatsumoto,siliconbarry,0
craigmatsumoto,Jemopi,0
craigmatsumoto,joe_skorupa,0
craigmatsumoto,fast_lerner,0
craigmatsumoto,capveg,0
craigmatsumoto,thesullivan,0
craigmatsumoto,dlenrow,0
craigmatsumoto,NeelaJacques,0
craigmatsumoto,anees_s,0
craigmatsumoto,cmoberg,0
craigmatsumoto,nwkautomaniac,0
craigmatsumoto,justindustzadeh,0
craigmatsumoto,dfarrell07,0
craigmatsumoto,ddcumulus,0
craigmatsumoto,davelester,0
craigmatsumoto,susiewee,0
craigmatsumoto,jonathandavidsn,0
craigmatsumoto,ShayganK,0
craigmatsumoto,ramirahim,0
craigmatsumoto,mappingbabel,0
craigmatsumoto,BradReese,0
craigmatsumoto,ZorkPlay,0
craigmatsumoto,GoReadMSR,0
craigmatsumoto,nikostheodos,0
craigmatsumoto,AceKrish,0
craigmatsumoto,Ben_Pfaff,0
craigmatsumoto,mollywood,0
craigmatsumoto,charlesfitz,0
craigmatsumoto,Heavy_Reading,0
OpenFlowNetwork,OpineIT,0
OpenFlowNetwork,Cloud_Analytics,0
OpenFlowNetwork,TheCloudDaily,0
OpenFlowNetwork,attribo,0
OpenFlowNetwork,VirtuaLifEvents,0
OpenFlowNetwork,ArchtotheClouds,0
OpenFlowNetwork,AcademicCloud,0
OpenFlowNetwork,AdoptingCloud,0
OpenFlowNetwork,ArchitectCloud,0
OpenFlowNetwork,parkercloud,0
OpenFlowNetwork,Anthony_Rocca,0
OpenFlowNetwork,TomBrze,0
OpenFlowNetwork,openexchange,0
OpenFlowNetwork,opendatablog,0
OpenFlowNetwork,matthewpalmer,0
OpenFlowNetwork,FutoshiH,0
OpenFlowNetwork,JeremyJacobs,0
OpenFlowNetwork,yutah_3,0
OpenFlowNetwork,RMPServices,0
OpenFlowNetwork,404mn,0
OpenFlowNetwork,jedelman8,0
OpenFlowNetwork,tcorbo,0
OpenFlowNetwork,YutakaKuno,0
OpenFlowNetwork,NEC_OpenFlow,0
OpenFlowNetwork,ccasel,0
OpenFlowNetwork,SteveCotter,0
OpenFlowNetwork,NetworkinMNE,0
OpenFlowNetwork,NetworkingSoCHJ,0
OpenFlowNetwork,AiNETDC,0
OpenFlowNetwork,openflownews,0
OpenFlowNetwork,iguis,0
OpenFlowNetwork,bigswitch,0
OpenFlowNetwork,VOIPCloud,0
OpenFlowNetwork,AzureCloudNet,0
OpenFlowNetwork,CloudCanada,0
OpenFlowNetwork,TheSocialMined,0
OpenFlowNetwork,DataCenterArch,0
OpenFlowNetwork,CloudBlogs,0
OpenFlowNetwork,CloudWebinars,0
OpenFlowNetwork,TheAgileNetwork,0
OpenFlowNetwork,TheTechGang,0
OpenFlowNetwork,CloudResearch,0
nixcraft,Newegg,0
nixcraft,Android,0
nixcraft,steven_ovadia,0
nixcraft,FreeNASTeam,0
nixcraft,brendangregg,0
nixcraft,ZenEssentials,0
nixcraft,Zen_Moments,0
nixcraft,ZenProverbs,0
nixcraft,nginxorg,0
nixcraft,sec_reactions,0
nixcraft,lattera,0
nixcraft,honest_update,0
nixcraft,ruzbehnbharucha,0
nixcraft,kjjaeger,0
nixcraft,iamdevloper,0
nixcraft,openbsd,0
nixcraft,freebsdfrau,0
nixcraft,ArchLinuxARM,0
nixcraft,dangoodin001,0
nixcraft,agile_memes,0
nixcraft,amyengineer,0
nixcraft,CentOS,0
nixcraft,CentOS_Announce,0
nixcraft,thinkgeek,0
nixcraft,fedora,0
nixcraft,kennwhite,0
nixcraft,Openwall,0
nixcraft,debian,0
nixcraft,midnightbsd,0
nixcraft,AMDAPU,0
nixcraft,0xAX,0
nixcraft,AMDLaptop,0
nixcraft,openbsdeurope,0
nixcraft,internetofshit,0
nixcraft,golang,0
nixcraft,GoogleforWork,0
nixcraft,oscon,0
nixcraft,sadoperator,0
nixcraft,CommitStrip,0
nixcraft,Canonical,0
nixcraft,ubuntu,0
nixcraft,devopsreactions,0
nixcraft,rackspaceUK,0
nixcraft,opnsense,0
nixcraft,pfsense,0
nixcraft,sadserver,0
nixcraft,fsf,0
nixcraft,linode,0
nixcraft,freebsdfndation,0
nixcraft,knowmercymod,0
nixcraft,FreeBSDHelp,0
nixcraft,reykfloeter,0
nixcraft,netbsd,0
nixcraft,BSDTV,0
nixcraft,mwlauthor,0
nixcraft,archuj,0
nixcraft,nmap,0
nixcraft,climagic,0
nixcraft,AntoninoBalsamo,0
nixcraft,openSUSE,0
nixcraft,openbsdjournal,0
nixcraft,DnsKnowledge,0
nixcraft,DeadMansSnitch,0
nixcraft,fossetcon,0
nixcraft,lolcryssl,0
nixcraft,unixgrl12,0
nixcraft,ThePiZone,0
nixcraft,TuxGamer32,0
nixcraft,openlawrence,0
nixcraft,OpenSrcKansas,0
nixcraft,lnx2k,0
nixcraft,AMD,0
nixcraft,LanedoTweets,0
nixcraft,Storix,0
nixcraft,intelstephanie,0
nixcraft,cutehacks,0
nixcraft,OpnSrcCons,0
nixcraft,ksinny,0
nixcraft,LibbyMClark,0
nixcraft,LinuxDevUsers,0
nixcraft,LeMeteore,0
nixcraft,_DiscoverBSD,0
nixcraft,RunningTuxs,0
nixcraft,KatieFox90,0
nixcraft,hectorfc86,0
nixcraft,juststickersind,0
nixcraft,unixstickers,0
nixcraft,dizorg,0
nixcraft,Sysadm_Borat,0
nixcraft,tuwi_d,0
nixcraft,m3g9tr0n,0
nixcraft,BestofKickstart,0
nixcraft,unix_ninja,0
nixcraft,osuterrycat,0
nixcraft,sullrich,0
nixcraft,reinaldog,0
nixcraft,lukespragg,0
nixcraft,mrrrgn,0
nixcraft,ofi3ld,0
nixcraft,GeorgeAlton,0
wikileaks,RugyendoQuotes,0
wikileaks,santiodonnell,0
wikileaks,hXmxhvEM2mtY,0
wikileaks,AlleyMb,0
wikileaks,Russia,0
wikileaks,jvanegue,0
wikileaks,solardiz,0
wikileaks,_dvorak_,0
wikileaks,sergeybratus,0
wikileaks,ortegaalfredo,0
wikileaks,fede_k,0
wikileaks,4Dgifts,0
wikileaks,StanleyCohenLaw,0
wikileaks,hiramcoop,0
wikileaks,AnonyInfo,0
wikileaks,mattcutts,0
wikileaks,revskills,0
wikileaks,benshapiro,0
wikileaks,tqbf,0
wikileaks,Gayane_RT,0
wikileaks,veorq,0
wikileaks,ambimorph,0
wikileaks,agl__,0
wikileaks,zooko,0
wikileaks,truth_eater,0
wikileaks,rnakashi,0
wikileaks,andylevy,0
wikileaks,victorcdean,0
wikileaks,uk_criminal_law,0
wikileaks,WSWS_Updates,0
wikileaks,publico_es,0
wikileaks,flexlibris,0
wikileaks,FedEdJill,0
wikileaks,ddowza,0
wikileaks,Semisorova,0
wikileaks,cumhuriyetgzt,0
wikileaks,UkNatArchives,0
wikileaks,candundaradasi,0
wikileaks,enterpraxis,0
wikileaks,Conflicts,0
wikileaks,ChristianSlater,0
wikileaks,BuckyFullerInst,0
wikileaks,s0urceCode1esme,0
wikileaks,stopmoslimhaat,0
wikileaks,DrHannahDawson,0
wikileaks,accuracy,0
wikileaks,backavar,0
wikileaks,JohannesNesser,0
wikileaks,Dennis_Kucinich,0
wikileaks,martintisne,0
wikileaks,OpenGovHub,0
wikileaks,OKFN,0
wikileaks,opengovpart,0
wikileaks,JohnHeilprin,0
wikileaks,pocarles,0
wikileaks,carmenelectra,0
wikileaks,ParisHilton,0
wikileaks,hughhefner,0
wikileaks,pamfoundation,0
wikileaks,dubiozakolektiv,0
wikileaks,fernalfonso,0
wikileaks,pierrehaski,0
wikileaks,daddysblogg,0
wikileaks,logancij16,0
wikileaks,YourAnonNews,0
wikileaks,Partido_X,0
wikileaks,X_net_,0
wikileaks,andrew_strutt,0
wikileaks,stelladawson,0
wikileaks,FenellaSung1,0
wikileaks,moxniadi1,0
wikileaks,YemenRussia,0
wikileaks,bnbuzzz,0
wikileaks,MashaZaripova,0
wikileaks,normfinkelstein,0
wikileaks,RAZimbres,0
wikileaks,samknight1,0
wikileaks,cipesaug,0
wikileaks,dirkliedtke,0
wikileaks,iamgotlieb,0
wikileaks,RMarggrafTurley,0
wikileaks,AmyTPage,0
wikileaks,Police_Oracle,0
wikileaks,roamingroyston,0
wikileaks,TimesONeill,0
wikileaks,crimereporter,0
wikileaks,IanDunt,0
wikileaks,TweetsHesham,0
wikileaks,chx,0
wikileaks,taylordobbs,0
wikileaks,kaibiermann,0
wikileaks,MSF_uk,0
wikileaks,MSF,0
wikileaks,WikileaksTruck,0
wikileaks,robaeprice,0
wikileaks,DanielleRyanJ,0
wikileaks,RichardMadan,0
wikileaks,JustinOArnold,0
wikileaks,bruces,0
wikileaks,Lol_Valentine,0
TechFieldDay,lauren,0
TechFieldDay,DemitasseNZ,0
TechFieldDay,ExchangeGoddess,0
TechFieldDay,JussiKiviniemi,0
TechFieldDay,bgracely,0
TechFieldDay,PunchingClouds,0
TechFieldDay,jdooley_clt,0
TechFieldDay,LucD22,0
TechFieldDay,HeyEddie,0
TechFieldDay,EV_Simon,0
TechFieldDay,burneeed,0
TechFieldDay,SusanFogarty,0
TechFieldDay,esloof,0
TechFieldDay,nuagenetworks,0
TechFieldDay,tfd_r2d2,0
TechFieldDay,KaminarioFlash,0
TechFieldDay,PegahKamal,0
TechFieldDay,vipinvk111,0
TechFieldDay,NetBeez,0
TechFieldDay,Velocloud,0
TechFieldDay,Emad_Younis,0
TechFieldDay,wyrdgirl,0
TechFieldDay,mwpreston,0
TechFieldDay,cxi,0
TechFieldDay,amitpanchal76,0
TechFieldDay,gminks,0
TechFieldDay,jeffwilsontech,0
TechFieldDay,jpwarren,0
TechFieldDay,DennisMSmith,0
TechFieldDay,JK47theweapon,0
TechFieldDay,KongYang,0
TechFieldDay,StephenFoskett,0
TechFieldDay,MonicaBay,0
TechFieldDay,vCenterNerd,0
TechFieldDay,LizZaborowska,0
TechFieldDay,_vCarly,0
TechFieldDay,pluribusnet,0
TechFieldDay,CloudFlare,0
TechFieldDay,robberterents,0
TechFieldDay,that1guy_15,0
TechFieldDay,jac1nt,0
TechFieldDay,danryan06,0
TechFieldDay,asperasoft,0
TechFieldDay,PacITpros,0
TechFieldDay,grcate,0
TechFieldDay,TechReckoning,0
TechFieldDay,rogerhinson,0
TechFieldDay,VirtualizedCJ,0
TechFieldDay,MatthewSGast,0
TechFieldDay,cloudphysics,0
TechFieldDay,PaulPMeehan,0
TechFieldDay,CalvinZito,0
TechFieldDay,abnerg,0
TechFieldDay,GetYourBuildOn,0
TechFieldDay,jdgreen,0
TechFieldDay,webdiva911,0
TechFieldDay,cmoberg,0
TechFieldDay,TerabitSystems,0
TechFieldDay,inveneo,0
TechFieldDay,rykelley,0
TechFieldDay,dbrinkmann,0
TechFieldDay,LigoWave,0
TechFieldDay,CambiumNetworks,0
TechFieldDay,Ceragon,0
TechFieldDay,DragonWave,0
TechFieldDay,AryakaNetworks,0
TechFieldDay,PPJM_Engelen,0
TechFieldDay,LindsayofSF,0
TechFieldDay,subnetwork,0
TechFieldDay,bobegan,0
TechFieldDay,MeruNetworks,0
TechFieldDay,OverlandStorage,0
TechFieldDay,ProximalData,0
TechFieldDay,dalerapp,0
TechFieldDay,Airtight,0
TechFieldDay,cwreece,0
TechFieldDay,plasmawifi,0
TechFieldDay,vLeahSchoeb,0
TechFieldDay,dwStrebel,0
TechFieldDay,rjweeks70,0
TechFieldDay,buraglio,0
TechFieldDay,jedelman8,0
TechFieldDay,NetDonkey,0
TechFieldDay,VinsWorldcom,0
TechFieldDay,Mierdin,0
TechFieldDay,mellowdrifter,0
TechFieldDay,troymart,0
TechFieldDay,ciscotophat,0
TechFieldDay,brujo12d,0
TechFieldDay,fredrik_carlen,0
TechFieldDay,JustDoWiFi,0
TechFieldDay,ahugheswireless,0
TechFieldDay,Wirelessnerd,0
TechFieldDay,alc8,0
TechFieldDay,mdkail,0
TechFieldDay,AlexGoldsmith,0
TechFieldDay,CommsNinja,0
TechFieldDay,CormacJHogan,0
TechFieldDay,colinmcnamara,0
TechFieldDay,VirtualisedReal,0
SunilSKhandekar,stefandyckerhof,0
SunilSKhandekar,HarvardBiz,0
SunilSKhandekar,mbushong,0
SunilSKhandekar,RobElston,0
SunilSKhandekar,HBRrecs,0
SunilSKhandekar,Cisco,0
SunilSKhandekar,VMware,0
SunilSKhandekar,Accenture,0
SunilSKhandekar,F5Networks,0
SunilSKhandekar,AccentureCloud,0
SunilSKhandekar,BizTechReport,0
SunilSKhandekar,ScotAllen3,0
SunilSKhandekar,SparkNZ,0
SunilSKhandekar,RedHatEMEA,0
SunilSKhandekar,jalmor_es,0
SunilSKhandekar,robhaim,0
SunilSKhandekar,Anthony_Rocca,0
SunilSKhandekar,networkingplus,0
SunilSKhandekar,hawkinsjohn,0
SunilSKhandekar,chancebar,0
SunilSKhandekar,dslevin,0
SunilSKhandekar,WhatsTAdoing,0
SunilSKhandekar,POTUS,0
SunilSKhandekar,JamesFeger,0
SunilSKhandekar,CenturyLink,0
SunilSKhandekar,guruchahal,0
SunilSKhandekar,that1guy_15,0
SunilSKhandekar,Rob_Coote,0
SunilSKhandekar,overlaid,0
SunilSKhandekar,SoniJiandani,0
SunilSKhandekar,SSKhandekar,0
SunilSKhandekar,NathanTippy,0
SunilSKhandekar,Apigee,0
SunilSKhandekar,gkinghorn,0
SunilSKhandekar,flexiant,0
SunilSKhandekar,TnsComms,0
SunilSKhandekar,UCStrategies,0
SunilSKhandekar,OpenatCitrix,0
SunilSKhandekar,virtkick,0
SunilSKhandekar,TechRepublic,0
SunilSKhandekar,perwin,0
SunilSKhandekar,infoworld,0
SunilSKhandekar,SMedia_Tips,0
SunilSKhandekar,JohnFruehe,0
SunilSKhandekar,NetworkWorld,0
SunilSKhandekar,MariMinetaClapp,0
SunilSKhandekar,interop,0
SunilSKhandekar,AJ_InTheWorld,0
SunilSKhandekar,saurik,0
SunilSKhandekar,nearyd,0
SunilSKhandekar,rjrogers87,0
SunilSKhandekar,virtustream,0
SunilSKhandekar,HackIllinois,0
SunilSKhandekar,OpenNetwork,0
SunilSKhandekar,AndrewMissing,0
SunilSKhandekar,QualiSystems,0
SunilSKhandekar,manageiq,0
SunilSKhandekar,redhatopen,0
SunilSKhandekar,utollwi,0
SunilSKhandekar,zeekayinfo3,0
SunilSKhandekar,kevinlandry24,0
SunilSKhandekar,alexsm,0
SunilSKhandekar,ONLab_ONOS,0
SunilSKhandekar,Cloudnexion,0
SunilSKhandekar,Heavy_Reading,0
SunilSKhandekar,SDNandNFV,0
SunilSKhandekar,hnugroho,0
SunilSKhandekar,ninadmjadhav,0
SunilSKhandekar,premsankar,0
SunilSKhandekar,NewGuyStory,0
SunilSKhandekar,canerozt,0
SunilSKhandekar,zaki_usman,0
SunilSKhandekar,shoutex,0
SunilSKhandekar,CalientTech,0
SunilSKhandekar,sathishkumarkps,0
SunilSKhandekar,ebodero,0
SunilSKhandekar,lencsef,0
SunilSKhandekar,divyahc,0
SunilSKhandekar,girishprb,0
SunilSKhandekar,joelpagot,0
SunilSKhandekar,PetMcLaughlin,0
SunilSKhandekar,S_Lamande,0
SunilSKhandekar,wcpreston,0
SunilSKhandekar,justindustzadeh,0
SunilSKhandekar,KenDennis,0
SunilSKhandekar,JustineLambros,0
SunilSKhandekar,geniumcreative,0
SunilSKhandekar,pdellaert,0
SunilSKhandekar,matthewdierker,0
SunilSKhandekar,TeleWRTRLiz,0
SunilSKhandekar,The_New_IP,0
SunilSKhandekar,CienaBluePlanet,0
SunilSKhandekar,NadiaGalarneau,0
SunilSKhandekar,Ironpaper_Inc,0
SunilSKhandekar,MyPenHistorical,0
SunilSKhandekar,billclinton,0
SunilSKhandekar,tburnssocal,0
SunilSKhandekar,nytindia,0
SunilSKhandekar,sgillai,0
SunilSKhandekar,marcboyer,0
nuagenetworks,ITBrief,0
nuagenetworks,andywarfield,0
nuagenetworks,marissamayer,0
nuagenetworks,machineagency,0
nuagenetworks,BenedicteMcCoy,0
nuagenetworks,MoochDiggy,0
nuagenetworks,ContactoSonae,0
nuagenetworks,SonaeArt,0
nuagenetworks,RedHat_Training,0
nuagenetworks,ChannelLifeNZ,0
nuagenetworks,redhatopen,0
nuagenetworks,RedHatCloud,0
nuagenetworks,meyer_dan,0
nuagenetworks,DavidManchado,0
nuagenetworks,rittis,0
nuagenetworks,JustineLambros,0
nuagenetworks,WSJ,0
nuagenetworks,XantaroGroup,0
nuagenetworks,MyRepublic,0
nuagenetworks,Cgouliardon,0
nuagenetworks,micwolljung,0
nuagenetworks,Eric_Kessels,0
nuagenetworks,TSANetTweet,0
nuagenetworks,alphabetint,0
nuagenetworks,OpenStackNLD,0
nuagenetworks,TelecomTVOnTour,0
nuagenetworks,Adam_CoxTTGT,0
nuagenetworks,dtwing,0
nuagenetworks,OCTOTechnology,0
nuagenetworks,Telekom_group,0
nuagenetworks,BMO,0
nuagenetworks,gjstem,0
nuagenetworks,ScottShuster,0
nuagenetworks,CIOqueen,0
nuagenetworks,CIOforums,0
nuagenetworks,CIOsynergy,0
nuagenetworks,Tzocks80,0
nuagenetworks,nojitter,0
nuagenetworks,jfvanrooyen,0
nuagenetworks,terry_mcgibbon,0
nuagenetworks,TheCIOReview,0
nuagenetworks,PRNewswire,0
nuagenetworks,Maddenbrothers,0
nuagenetworks,JoelMadden,0
nuagenetworks,visibrainEN,0
nuagenetworks,windtelecom,0
nuagenetworks,DockerConf,0
nuagenetworks,opnfv,0
nuagenetworks,DECIX,0
nuagenetworks,SDNMPLS,0
nuagenetworks,TelecomReseller,0
nuagenetworks,gevaperry,0
nuagenetworks,rootkovska,0
nuagenetworks,H0wie_Xu,0
nuagenetworks,jstrachan,0
nuagenetworks,fdestin,0
nuagenetworks,assafmuller,0
nuagenetworks,OpenFlow_Korea,0
nuagenetworks,Flowgrammable,0
nuagenetworks,CadeMetz,0
nuagenetworks,TechGenix,0
nuagenetworks,virtinfo,0
nuagenetworks,NetworkingTT,0
nuagenetworks,Digitcom,0
nuagenetworks,ITKE,0
nuagenetworks,SDNZone,0
nuagenetworks,maschipp,0
nuagenetworks,markoff,0
nuagenetworks,NFVZone,0
nuagenetworks,ITBusinessEdge,0
nuagenetworks,ThomasClaburn,0
nuagenetworks,ArtWittmann,0
nuagenetworks,CNET,0
nuagenetworks,Advantech_USA,0
nuagenetworks,BBWorldForum,0
nuagenetworks,AriaNetworks,0
nuagenetworks,OracleBlogs,0
nuagenetworks,ConteXtream,0
nuagenetworks,cloudDNA,0
nuagenetworks,CitrixBlogs,0
nuagenetworks,CalientTech,0
nuagenetworks,BlackDSolutions,0
nuagenetworks,AltaroSoftware,0
nuagenetworks,ADVAOpticalNews,0
nuagenetworks,ActiveBroadband,0
nuagenetworks,6connect,0
nuagenetworks,jan_it_242,0
nuagenetworks,NathanTippy,0
nuagenetworks,igcarrillo,0
nuagenetworks,LinleyGroup,0
nuagenetworks,MoorInsStrat,0
nuagenetworks,otherscottlowe,0
nuagenetworks,bcjordo,0
nuagenetworks,mfmahler,0
nuagenetworks,cldelcourt,0
nuagenetworks,vivendi,0
nuagenetworks,VimpelCom,0
nuagenetworks,verizon,0
nuagenetworks,upmc,0
nuagenetworks,Turkcell,0
networkstatic,damgarros,0
networkstatic,ah3rz,0
networkstatic,jcpowermac,0
networkstatic,BenRitter88,0
networkstatic,vamsee,0
networkstatic,jscarpati,0
networkstatic,Webappz,0
networkstatic,seanpmassey,0
networkstatic,layer4down,0
networkstatic,dockercraft,0
networkstatic,hattwick,0
networkstatic,jerrychen,0
networkstatic,avsm,0
networkstatic,justincormack,0
networkstatic,Quintus23M,0
networkstatic,sabot1975,0
networkstatic,jainvipin_,0
networkstatic,jimmichaels,0
networkstatic,ManoMarks,0
networkstatic,burneeed,0
networkstatic,nigelpoulton,0
networkstatic,BrandonPhilips,0
networkstatic,hxmonsegur,0
networkstatic,bsmith626,0
networkstatic,davecohn01,0
networkstatic,huslage,0
networkstatic,ascohen,0
networkstatic,Texiwill,0
networkstatic,tom_howarth,0
networkstatic,sriramhere,0
networkstatic,ValbonneConsult,0
networkstatic,dockermachine,0
networkstatic,CenturyLinkLabs,0
networkstatic,JensSoeldner,0
networkstatic,psftw,0
networkstatic,tlockney,0
networkstatic,mtessel12,0
networkstatic,oscon,0
networkstatic,sarahnovotny,0
networkstatic,LK4D4math,0
networkstatic,SvenDowideit,0
networkstatic,sdndude,0
networkstatic,NewHorizonsBot,0
networkstatic,jbuberel,0
networkstatic,calavera,0
networkstatic,lesliegeek,0
networkstatic,sysbot1,0
networkstatic,starkupnation,0
networkstatic,drscriptt,0
networkstatic,History_Pics,0
networkstatic,ppgandhi,0
networkstatic,infosec812,0
networkstatic,wesreisz,0
networkstatic,GreylockVC,0
networkstatic,intsomniac,0
networkstatic,Fkessen,0
networkstatic,lightspeedvp,0
networkstatic,susangude,0
networkstatic,xsited,0
networkstatic,jacquesbouchard,0
networkstatic,brawong,0
networkstatic,RobSteele,0
networkstatic,OpenContainers,0
networkstatic,mjbright,0
networkstatic,tomduckering,0
networkstatic,behalamit,0
networkstatic,gallifreyan,0
networkstatic,BettyJunod,0
networkstatic,AndrewTFry,0
networkstatic,rakyll,0
networkstatic,GalSagie,0
networkstatic,alisoncdiana,0
networkstatic,laurasmackey,0
networkstatic,davidmedberry,0
networkstatic,rtggeek,0
networkstatic,jzemlin,0
networkstatic,aluzzardi,0
networkstatic,dumitriu,0
networkstatic,ryancl,0
networkstatic,alanchiu,0
networkstatic,steven_bryen,0
networkstatic,ewindisch,0
networkstatic,renunavale,0
networkstatic,garethr,0
networkstatic,efeldhusen,0
networkstatic,Kennjason,0
networkstatic,marknca,0
networkstatic,jweissig_,0
networkstatic,g_taylor,0
networkstatic,littleidea,0
networkstatic,bigdawgfootball,0
networkstatic,ElzurUri,0
networkstatic,Muckbeast,0
networkstatic,DoubleDensity,0
networkstatic,0xAX,0
networkstatic,nullr0ute,0
networkstatic,adjohn,0
networkstatic,carissakarcher,0
networkstatic,ehazlett,0
networkstatic,_rsc,0
sdxtech,mattias96664968,0
sdxtech,DeathNegotiator,0
sdxtech,DCBTAM,0
sdxtech,vishnumrao,0
sdxtech,boddenl,0
sdxtech,mexano,0
sdxtech,rachjeanmoench,0
sdxtech,ibroluvlot,0
sdxtech,HarbiMohammad,0
sdxtech,seelamprem,0
sdxtech,wralpizar,0
sdxtech,lunquewill,0
sdxtech,tlovesports,0
sdxtech,Marketorials,0
sdxtech,InSutu,0
sdxtech,queijo1,0
sdxtech,w_r_b_f,0
sdxtech,PremierCIO,0
sdxtech,RRktec,0
sdxtech,vpremk,0
sdxtech,marc_int,0
sdxtech,BeaOpena10,0
sdxtech,jmhimor,0
sdxtech,MW_DEON,0
sdxtech,munzirsaheel,0
sdxtech,omar_959_1995,0
sdxtech,Talente_Dublin,0
sdxtech,yusufyakassai,0
sdxtech,BTI_Akroprom,0
sdxtech,KoranYamata757,0
sdxtech,AbakahPhilip,0
sdxtech,tepopnct1,0
sdxtech,CyberWeekly,0
sdxtech,anechkapoyar,0
sdxtech,wianmwianm,0
sdxtech,baobaoshhh,0
sdxtech,jalal65603,0
sdxtech,assp1r1n3,0
sdxtech,9033292002,0
sdxtech,shamsdinsheik,0
sdxtech,maman_ganteng_t,0
sdxtech,josephsukhbir,0
sdxtech,8Chapatee3Naan,0
sdxtech,Jovan_Dave,0
sdxtech,DecodingIT,0
sdxtech,alfandy02,0
sdxtech,mahmodekgrdawe3,0
sdxtech,myHTMLdotcom,0
sdxtech,galiwangotonda,0
sdxtech,FranDav40439980,0
sdxtech,JorgeBanes,0
sdxtech,VictoriaLeongSG,0
sdxtech,RenatoMoura2071,0
sdxtech,KnowTheRisks,0
sdxtech,GRuelkke,0
sdxtech,HolEliteSales,0
sdxtech,AHTOHLife63,0
sdxtech,AshMcShea,0
sdxtech,Mppfivee,0
sdxtech,jganourweb,0
sdxtech,SWEDUmv,0
sdxtech,MarcusLindberg7,0
sdxtech,RG_WeThePeople,0
sdxtech,alexandrrah,0
sdxtech,CassioGonalvess,0
sdxtech,CharlieAnnFrith,0
sdxtech,kelleherc1,0
sdxtech,FoizAhmed73,0
sdxtech,jomanilatruth,0
sdxtech,bharishkumar92,0
sdxtech,NimrodEngineeri,0
sdxtech,Elarabeamir,0
sdxtech,AjoyAshokKumar,0
sdxtech,digitalfamilytw,0
sdxtech,Khalilk4real17,0
sdxtech,KNindyS,0
sdxtech,JessicaMalBlog,0
sdxtech,Ronan_Campbell1,0
sdxtech,Jerson_Dill,0
sdxtech,AdeelBajwa11,0
sdxtech,atityulianti,0
sdxtech,diwakarkdinkar,0
sdxtech,2plus2isnot5,0
sdxtech,sangam_swamy,0
sdxtech,LiLiFRooTs,0
sdxtech,SuperHesenli,0
sdxtech,sameera77777,0
sdxtech,_dref,0
sdxtech,dalia93771105,0
sdxtech,MET_Company,0
sdxtech,BriannaDawn29,0
sdxtech,AttavarJ,0
sdxtech,AOLC_Online,0
sdxtech,KhaAlMarzouqi,0
sdxtech,eBigAU,0
sdxtech,lungelwagwele,0
sdxtech,wrestlinglvr1,0
sdxtech,Ikehobbs4,0
sdxtech,acct_art,0
sdxtech,_Ms_vitaminka_,0
OpenNetSummit,coreoslinux,0
OpenNetSummit,EventsLF,0
OpenNetSummit,linuxfoundation,0
OpenNetSummit,ZTE_Deutschland,0
OpenNetSummit,CelcoEcuador,0
OpenNetSummit,SDNandNFV,0
OpenNetSummit,FreeOpenSouRRce,0
OpenNetSummit,small_cells,0
OpenNetSummit,RaynoReport,0
OpenNetSummit,JoshuaUCohen,0
OpenNetSummit,tgraf__,0
OpenNetSummit,Justin_D_Pettit,0
OpenNetSummit,Prajaktaplus,0
OpenNetSummit,krmarko,0
OpenNetSummit,buseungcho,0
OpenNetSummit,georgeyzhao,0
OpenNetSummit,theCUBE,0
OpenNetSummit,JeffFrick,0
OpenNetSummit,zkerravala,0
OpenNetSummit,bithika_k,0
OpenNetSummit,HeatherRKirksey,0
OpenNetSummit,barefootnetwork,0
OpenNetSummit,AffirmedNetwork,0
OpenNetSummit,ecodenetworks,0
OpenNetSummit,OneConvergence,0
OpenNetSummit,rtggeek,0
OpenNetSummit,TomiKazi,0
OpenNetSummit,ChrisPriceAB,0
OpenNetSummit,googleresearch,0
OpenNetSummit,fb_engineering,0
OpenNetSummit,fbOpenSource,0
