ialsmadi,AndraZaharia,0
ialsmadi,JamilaHanan,0
ialsmadi,BaselSaqr,0
ialsmadi,googledevs,0
ialsmadi,Ethraa_group,0
ialsmadi,FirewallVirus,0
ialsmadi,googleresearch,0
ialsmadi,MuslimMarine,0
ialsmadi,CT_Shoreline,0
ialsmadi,CT_Innovate,0
ialsmadi,ctnext,0
ialsmadi,necharters,0
ialsmadi,benfrederickson,0
ialsmadi,CTTech,0
ialsmadi,GissiSim,0
ialsmadi,ajplus,0
ialsmadi,Tweets2Motivate,0
ialsmadi,keithellison,0
ialsmadi,PsychicWaugh,0
ialsmadi,noumanbayyinah,0
ialsmadi,MuslimAdvocates,0
ialsmadi,TariqRamadan,0
ialsmadi,hamzayusuf,0
ialsmadi,IngridMattson,0
ialsmadi,TaheraHAhmad,0
ialsmadi,ahmedswek,0
ialsmadi,Ahmedelomari,0
ialsmadi,bbarhoush,0
ialsmadi,xsaifahmadx,0
ialsmadi,hesham_cs,0
ialsmadi,amrelhady4000,0
ialsmadi,GwadyM,0
ialsmadi,amr_darrag,0
ialsmadi,zeintawfik,0
ialsmadi,MohammedMAHSOOB,0
ialsmadi,hatemazzam,0
ialsmadi,ayaa00,0
ialsmadi,samykamaleldeen,0
ialsmadi,deBeauxOs1,0
ialsmadi,ImamSuhaibWebb,0
ialsmadi,RITOnline,0
ialsmadi,oare91,0
ialsmadi,Deanofcomedy,0
ialsmadi,BigDataBlogs,0
ialsmadi,HappyAnalytics,0
ialsmadi,Anwarika1,0
ialsmadi,n_i_a_d,0
ialsmadi,horyaa25,0
ialsmadi,TheRealDrZafar,0
ialsmadi,drntash,0
ialsmadi,hafouri,0
ialsmadi,NasserALFahadi,0
ialsmadi,hisham9,0
ialsmadi,DrPaulWatters,0
ialsmadi,BaraaEbarals,0
ialsmadi,abualayham,0
ialsmadi,MozillaGigabit,0
ialsmadi,FIware,0
ialsmadi,ORNL,0
ialsmadi,MajedAlRubaian,0
ialsmadi,alhdyan1435,0
ialsmadi,moatazmatar,0
ialsmadi,sallykohn,0
ialsmadi,parnexius,0
ialsmadi,Veracode,0
ialsmadi,ThinkThruMath,0
ialsmadi,kevhahn,0
ialsmadi,freelanceswtest,0
ialsmadi,achillean,0
ialsmadi,gtrnoc,0
ialsmadi,icse2015,0
ialsmadi,ProceraNetworks,0
ialsmadi,Attack_Secure,0
ialsmadi,DSUIA,0
ialsmadi,secugenius,0
ialsmadi,ComputerSociety,0
ialsmadi,usc_dcresearch,0
ialsmadi,EmanAbouelatta,0
ialsmadi,craigmatsumoto,0
ialsmadi,OpenFlowNetwork,0
ialsmadi,nixcraft,0
ialsmadi,wikileaks,0
ialsmadi,TechFieldDay,0
ialsmadi,SunilSKhandekar,0
ialsmadi,nuagenetworks,0
ialsmadi,networkstatic,0
ialsmadi,sdxtech,0
ialsmadi,OpenNetSummit,0
ialsmadi,ekoparty,0
ialsmadi,sdxcentral,0
ialsmadi,HPE_TechScvs,0
ialsmadi,CienaBluePlanet,0
ialsmadi,pluribusnet,0
ialsmadi,bigswitch,0
ialsmadi,MadhuVenugopal,0
ialsmadi,softlab_brussel,0
ialsmadi,opticalinsider,0
ialsmadi,PlexxiInc,0
ialsmadi,martin_casado,0
ialsmadi,pica8,0
AndraZaharia,timberners_lee,0
AndraZaharia,vladandriescu,0
AndraZaharia,bramk,0
AndraZaharia,startupstash,0
AndraZaharia,okian,0
AndraZaharia,Peerlyst,0
AndraZaharia,Snowden,0
AndraZaharia,unbounce,0
AndraZaharia,larrykim,0
AndraZaharia,bmassey,0
AndraZaharia,ben_beck,0
AndraZaharia,CustomerIO,0
AndraZaharia,contentmrktrapp,0
AndraZaharia,Backlinko,0
AndraZaharia,RobWormley,0
AndraZaharia,andrei_nastasie,0
AndraZaharia,ViceRomania,0
AndraZaharia,IAmMarkManson,0
AndraZaharia,helpnetsecurity,0
AndraZaharia,NaTaylor24,0
AndraZaharia,campuscodi,0
AndraZaharia,GrowthHackers,0
AndraZaharia,meseali,0
AndraZaharia,KeesRomkes,0
AndraZaharia,CaseyA,0
AndraZaharia,arty_music,0
AndraZaharia,adamgopnik,0
AndraZaharia,EsquireClassic,0
AndraZaharia,TomJunod,0
AndraZaharia,alexisohanian,0
AndraZaharia,mlevchin,0
AndraZaharia,bchesky,0
AndraZaharia,sama,0
AndraZaharia,Beler,0
AndraZaharia,sacca,0
AndraZaharia,panzer,0
AndraZaharia,HopwoodMedia,0
AndraZaharia,FutureLearn,0
AndraZaharia,HeinzMarketing,0
AndraZaharia,bowbrick,0
AndraZaharia,Pocket,0
AndraZaharia,ValentinRadu,0
AndraZaharia,peeplaja,0
AndraZaharia,Medieval_Probs,0
AndraZaharia,marketizator,0
AndraZaharia,randfish,0
AndraZaharia,avinash,0
AndraZaharia,annhandley,0
AndraZaharia,ContentVerve,0
AndraZaharia,pocketsupport,0
AndraZaharia,josephmenn,0
AndraZaharia,LeShann,0
AndraZaharia,undermanager,0
AndraZaharia,shanelle_mullin,0
AndraZaharia,oligardner,0
AndraZaharia,sujanpatel,0
AndraZaharia,SeanEllis,0
AndraZaharia,POTUS,0
AndraZaharia,gcluley,0
AndraZaharia,DannyZuker,0
AndraZaharia,SANSEMEA,0
AndraZaharia,cborodescu,0
AndraZaharia,NortonOnline,0
AndraZaharia,OnePlus_Support,0
AndraZaharia,oneplus,0
AndraZaharia,Safedrive_app,0
AndraZaharia,arbbot,0
AndraZaharia,cyscon,0
AndraZaharia,sucurisecurity,0
AndraZaharia,AFiscutean,0
AndraZaharia,MarkSchmidty,0
AndraZaharia,BenedictEvans,0
AndraZaharia,ow,0
AndraZaharia,alexstamos,0
AndraZaharia,cybraryIT,0
AndraZaharia,clujlife,0
AndraZaharia,OptimiseOrDie,0
AndraZaharia,MattWoodwardUK,0
AndraZaharia,readthisthing_,0
AndraZaharia,AnaMatei,0
AndraZaharia,Scoala_MediaFEM,0
AndraZaharia,UnderAndra,0
AndraZaharia,eMAG,0
AndraZaharia,fabricegrinda,0
AndraZaharia,Inboundorg,0
AndraZaharia,TechThoughtsWeb,0
AndraZaharia,axeexcess,0
AndraZaharia,jshieber,0
AndraZaharia,_jeff_nelson,0
AndraZaharia,uber_romania,0
AndraZaharia,NASA,0
AndraZaharia,WIADbucharest,0
AndraZaharia,ambogdan,0
AndraZaharia,ePrussakov,0
AndraZaharia,Lifebox,0
AndraZaharia,oliveremberton,0
AndraZaharia,HeimdalSecurity,0
AndraZaharia,Hello_World,0
AndraZaharia,elonmusk,0
AndraZaharia,iuliamp,0
JamilaHanan,YemenFightsBack,0
JamilaHanan,MediaUmnoBaling,0
JamilaHanan,ThurayaDammaj,0
JamilaHanan,ottawachief,0
JamilaHanan,OriMeissa,0
JamilaHanan,WwwYahoo8899,0
JamilaHanan,alnabeelsayed,0
JamilaHanan,balgamelabirgen,0
JamilaHanan,CelticCross52,0
JamilaHanan,OptheBill,0
JamilaHanan,liz727,0
JamilaHanan,myekjohn,0
JamilaHanan,MeKhalidFarooq,0
JamilaHanan,ameeromanmuscat,0
JamilaHanan,Imen_muslima,0
JamilaHanan,bobobalti,0
JamilaHanan,StienerQ8,0
JamilaHanan,zamirjahanian11,0
JamilaHanan,iamerve,0
JamilaHanan,g_m_hodgson,0
JamilaHanan,davytaylor1205,0
JamilaHanan,Aiduuhh,0
JamilaHanan,clakklaa,0
JamilaHanan,gbalduin,0
JamilaHanan,redsugarcomrade,0
JamilaHanan,MaGabyPinto,0
JamilaHanan,NemoStar89,0
JamilaHanan,lolsmolss,0
JamilaHanan,nazilahaili,0
JamilaHanan,ken_crichlow,0
JamilaHanan,liffydee,0
JamilaHanan,GerardChoo,0
JamilaHanan,LaBoxAPlanter,0
JamilaHanan,I_am_sumayya,0
JamilaHanan,WAYLANDH,0
JamilaHanan,kevin2kane,0
JamilaHanan,JordanThanet13,0
JamilaHanan,Salman_Surti,0
JamilaHanan,AbsDana,0
JamilaHanan,lizrainyday,0
JamilaHanan,Hflagellum,0
JamilaHanan,drdemet,0
JamilaHanan,ZamanMkz,0
JamilaHanan,blackricheuro,0
JamilaHanan,zakariabhayat,0
JamilaHanan,oztoksoyms,0
JamilaHanan,GdkOsm,0
JamilaHanan,HikmetMuhakkik,0
JamilaHanan,wxjihx,0
JamilaHanan,ahmadharis1435,0
JamilaHanan,syriasIy,0
JamilaHanan,Hapihalcyon,0
JamilaHanan,SarahAbbas_,0
JamilaHanan,souriaX,0
JamilaHanan,_MOD__,0
JamilaHanan,saharcjoon,0
JamilaHanan,e_killahh,0
JamilaHanan,zahraalbad,0
JamilaHanan,vtuda,0
JamilaHanan,shrewst,0
JamilaHanan,SaifR213,0
JamilaHanan,OppressionOrg,0
JamilaHanan,IamFidow,0
JamilaHanan,ahmetcetin,0
JamilaHanan,DavidServille,0
JamilaHanan,essaalisleh,0
JamilaHanan,14FebFree,0
JamilaHanan,jordi_niro,0
JamilaHanan,svefroken,0
JamilaHanan,oldfarthingman,0
JamilaHanan,OnlyPrions,0
JamilaHanan,RiffatJaffry,0
JamilaHanan,0_Canada,0
JamilaHanan,Eldomiche,0
JamilaHanan,AwanAmar,0
JamilaHanan,ashiqecool,0
JamilaHanan,BlondeInLondon,0
JamilaHanan,Rahib_12,0
JamilaHanan,ConDeminator,0
JamilaHanan,EllimSluouf,0
JamilaHanan,AsmaKhalifa89,0
JamilaHanan,jgarguello3,0
JamilaHanan,MedMehrezOthman,0
JamilaHanan,jwymangeek,0
JamilaHanan,WaterflowerM,0
JamilaHanan,blind_affair,0
JamilaHanan,SamanthaCorbin,0
JamilaHanan,bleedingheartmx,0
JamilaHanan,IliaHuTeply,0
JamilaHanan,Sarsinister,0
JamilaHanan,labeedaliya,0
JamilaHanan,bosh19966,0
JamilaHanan,LHannon_Fotos,0
JamilaHanan,ApoSamiy61,0
JamilaHanan,Usmle6,0
JamilaHanan,luqman134,0
JamilaHanan,ahhnovelli,0
JamilaHanan,zulfi_yar,0
JamilaHanan,matjundel,0
JamilaHanan,fairynuff1979,0
BaselSaqr,eyad100,0
BaselSaqr,marwah_1980,0
BaselSaqr,adlerj7,0
BaselSaqr,rallouch,0
BaselSaqr,elkadyam,0
BaselSaqr,HiddenBrain,0
BaselSaqr,GoBEARCATS,0
BaselSaqr,uofcincy,0
BaselSaqr,AhmedFSaqer,0
BaselSaqr,ArabicBest,0
BaselSaqr,ActiveHashtags,0
BaselSaqr,Ihsan_Online,0
googledevs,davey_burke,0
googledevs,GoogleATAP,0
googledevs,lockheimer,0
googledevs,yigitboyar,0
googledevs,GoogleDevsIndia,0
googledevs,GoogleDevIndia,0
googledevs,katherine_kuan,0
googledevs,juliaferraioli,0
googledevs,NatAndLo,0
googledevs,Firebase,0
googledevs,chethaase,0
googledevs,ianhlake,0
googledevs,dontmesswithjo,0
googledevs,googlewmc,0
googledevs,WomenTechmakers,0
googledevs,netmag,0
googledevs,GoogleDesign,0
googledevs,codepo8,0
googledevs,adwords,0
googledevs,pbakaus,0
googledevs,felipehoffa,0
googledevs,lisawrayz,0
googledevs,bradfitz,0
googledevs,haxor,0
googledevs,iulukaya,0
googledevs,ProjectAra,0
googledevs,MagnusHyttsten,0
googledevs,briandorsey,0
googledevs,wescpy,0
googledevs,ccherubino,0
googledevs,AdamSinger,0
googledevs,nest,0
googledevs,googleexpress,0
googledevs,jonwiley,0
googledevs,lily_lin,0
googledevs,rklau,0
googledevs,theamitsinghal,0
googledevs,googleanalytics,0
googledevs,googlenews,0
googledevs,googlemaps,0
googledevs,elatable,0
googledevs,ade_oshineye,0
googledevs,deanna_rubin,0
googledevs,reventazon,0
googledevs,fredsa,0
googledevs,fredchung,0
googledevs,brendankenny,0
googledevs,gdgsv,0
googledevs,Tojiro,0
googledevs,mikedenny,0
googledevs,wjarek,0
googledevs,ToddKerpelman,0
googledevs,JohnMcCutchan,0
googledevs,stevenbazyl,0
googledevs,crafty,0
googledevs,geekyouup,0
googledevs,nataliaenvy,0
googledevs,dagalpin,0
googledevs,ManoMarks,0
googledevs,gauntface,0
googledevs,dart_lang,0
googledevs,yeoman,0
googledevs,mikewest,0
googledevs,nestmatt,0
googledevs,tfadell,0
googledevs,kraneland,0
googledevs,richminer,0
googledevs,smithmegan,0
googledevs,alejandv,0
googledevs,aeustace,0
googledevs,Fumi,0
googledevs,timothyjordan,0
googledevs,vicgundotra,0
googledevs,sussman,0
googledevs,SusanWojcicki,0
googledevs,romainguy,0
googledevs,tjohns,0
googledevs,ericschmidt,0
googledevs,billyrutledge,0
googledevs,SebastianThrun,0
googledevs,joemarini,0
googledevs,IanET,0
googledevs,WebPlatform,0
googledevs,udacity,0
googledevs,duhroach,0
googledevs,cwilso,0
googledevs,borismus,0
googledevs,igrigorik,0
googledevs,aerotwist,0
googledevs,greenido,0
googledevs,petele,0
googledevs,ebidel,0
googledevs,beverloo,0
googledevs,jaffathecake,0
googledevs,sethladd,0
googledevs,peterlubbers,0
googledevs,sfhtml5,0
googledevs,paul_irish,0
googledevs,Paul_Kinlan,0
googledevs,viviancromwell,0
Ethraa_group,EdrakProject,0
Ethraa_group,tarjamatmj,0
Ethraa_group,Oasistranslate,0
Ethraa_group,Dr_Nawal_Th,0
Ethraa_group,D_aloraini,0
Ethraa_group,SumahDes,0
Ethraa_group,Gusmaa3En,0
Ethraa_group,gusmaa3,0
Ethraa_group,fahadst8,0
Ethraa_group,medad7676,0
Ethraa_group,Trqeesh,0
Ethraa_group,SanaAlebda3,0
Ethraa_group,RFriends_,0
Ethraa_group,ScientificSaudi,0
Ethraa_group,ibtehal27,0
Ethraa_group,abdulalrhamn,0
Ethraa_group,mansoor_43,0
Ethraa_group,froskfrask,0
Ethraa_group,iArtClub,0
Ethraa_group,Baderbinhamd,0
Ethraa_group,23afraalmathhan,0
Ethraa_group,iLatifah_,0
Ethraa_group,ItsDa7oo,0
Ethraa_group,wasll_t,0
Ethraa_group,VolunteeringHub,0
Ethraa_group,AbeerH2,0
Ethraa_group,Abrar682,0
Ethraa_group,rwan_93,0
Ethraa_group,ismailsheikh,0
Ethraa_group,Zohoor_Asiri,0
Ethraa_group,hamdiyaDe,0
Ethraa_group,3yooshh,0
Ethraa_group,NouraND88,0
Ethraa_group,Wasl4Eng,0
Ethraa_group,TranslationBird,0
Ethraa_group,iethraa,0
Ethraa_group,x29h1,0
Ethraa_group,i_esra,0
Ethraa_group,M7Lardhi,0
Ethraa_group,Nashm55,0
Ethraa_group,I_TotaAlhelwa,0
Ethraa_group,raheeeeeeeeeeel,0
Ethraa_group,Mulahhi,0
Ethraa_group,ALMAAYOUFY,0
Ethraa_group,Muneerah_Ayoub,0
Ethraa_group,saleemehkhaled,0
Ethraa_group,3washa1410,0
Ethraa_group,KhlodAlbalawi,0
Ethraa_group,mmaahhooyy,0
Ethraa_group,3_noofi,0
Ethraa_group,salmawalid_,0
Ethraa_group,dalia700,0
Ethraa_group,Pr1nce9,0
Ethraa_group,balansia,0
Ethraa_group,Enas_MH,0
Ethraa_group,Zilal_Meccawy,0
Ethraa_group,7sos93,0
Ethraa_group,AljoharaR,0
Ethraa_group,wjd2n,0
Ethraa_group,purepen,0
Ethraa_group,MaryCurie1,0
Ethraa_group,Anwar7907,0
Ethraa_group,Ghada_barghash,0
Ethraa_group,NorahAbdulla31,0
Ethraa_group,Dimah707,0
Ethraa_group,MahaAlsogeri,0
Ethraa_group,magic_ksa,0
Ethraa_group,ibushra32,0
Ethraa_group,Latifah_z,0
Ethraa_group,WikipediaArabic,0
Ethraa_group,Yasser_J_Gh,0
Ethraa_group,bayanalnezari,0
Ethraa_group,HayaDKh,0
Ethraa_group,Ghaddo38,0
Ethraa_group,AliAlbouri,0
Ethraa_group,memogh__,0
Ethraa_group,lllparadiselll,0
Ethraa_group,H_GH3,0
Ethraa_group,faisal_rifai,0
Ethraa_group,weamyf,0
Ethraa_group,Ash_Doc_,0
Ethraa_group,RozaKN95,0
Ethraa_group,Geena23,0
Ethraa_group,phanta312,0
Ethraa_group,MohamedAldosary,0
Ethraa_group,yume_sh,0
Ethraa_group,Titanium_1,0
Ethraa_group,SebAttallah,0
Ethraa_group,mojahed_T,0
Ethraa_group,alhassaneen,0
Ethraa_group,hamdioweidi,0
Ethraa_group,i_Nazzz1,0
Ethraa_group,Malhadab,0
Ethraa_group,Viv31987,0
Ethraa_group,Moolahope,0
Ethraa_group,yahya_9h,0
Ethraa_group,MOGBILALMOGBIL,0
Ethraa_group,maha_990,0
Ethraa_group,Postald00,0
Ethraa_group,Laa2_,0
FirewallVirus,idhenovian,0
FirewallVirus,securepointusa,0
FirewallVirus,missionette,0
FirewallVirus,fabiobaquero,0
FirewallVirus,merciaemilton,0
FirewallVirus,AN360VN,0
FirewallVirus,martap1,0
FirewallVirus,fayliefay,0
FirewallVirus,Yanirca,0
FirewallVirus,henddrio,0
FirewallVirus,Leoautopista,0
FirewallVirus,FozzyFloozie500,0
FirewallVirus,Cool_Fidel,0
FirewallVirus,DinhDalimil,0
FirewallVirus,MGANESH231,0
FirewallVirus,aamirazeem,0
FirewallVirus,Moky_puka,0
FirewallVirus,MoisesHM23,0
FirewallVirus,horacioespada,0
FirewallVirus,acidrezwan,0
FirewallVirus,MetroSpunkyMom,0
FirewallVirus,doc_blanqui85,0
FirewallVirus,ferrus282008,0
FirewallVirus,myandroidmag,0
FirewallVirus,Thairon67,0
FirewallVirus,I_AM_EXXDEE,0
FirewallVirus,manhpto,0
FirewallVirus,onzrn,0
FirewallVirus,KelleSparta,0
FirewallVirus,mohimam1,0
FirewallVirus,diDeusempre,0
FirewallVirus,ashancharuka7,0
FirewallVirus,songuy,0
FirewallVirus,PEGAZO69,0
FirewallVirus,mari_lagitanita,0
FirewallVirus,jam_42,0
FirewallVirus,lhomondr,0
FirewallVirus,CancinoC,0
FirewallVirus,kamau_wa_mwangi,0
FirewallVirus,CYNALI,0
FirewallVirus,MariaPazTolosa,0
FirewallVirus,criganig,0
FirewallVirus,FarrelBay_RMA07,0
FirewallVirus,charly1029,0
FirewallVirus,serginho_2013,0
FirewallVirus,nerzperls,0
FirewallVirus,ProMarya,0
FirewallVirus,R_o_b_i_n_K,0
FirewallVirus,rozic_dejan,0
FirewallVirus,Arthur_Lima3,0
FirewallVirus,OnecaBranker,0
FirewallVirus,Are_Huerta,0
FirewallVirus,AlistairTheNerd,0
FirewallVirus,G_Laughlin,0
FirewallVirus,thatblackguy823,0
FirewallVirus,Davidlcf,0
FirewallVirus,tpalmer329,0
FirewallVirus,tony1tony1tony1,0
FirewallVirus,rizuthaha,0
FirewallVirus,shiio_sepulveda,0
FirewallVirus,aricigerendeng,0
FirewallVirus,jorgews,0
FirewallVirus,akif_38_,0
FirewallVirus,Skavakakis,0
FirewallVirus,cesarlemus,0
FirewallVirus,Javier_0707,0
FirewallVirus,usman555ali,0
FirewallVirus,OBAD111,0
FirewallVirus,InternetHotzone,0
FirewallVirus,ademarsmachado,0
FirewallVirus,johnathanlacio,0
FirewallVirus,margalitwiis,0
FirewallVirus,nancieng,0
FirewallVirus,dred220575,0
FirewallVirus,www_santa,0
FirewallVirus,MilenaLealF,0
FirewallVirus,Juan_Pab90,0
FirewallVirus,LuisAragonDiaz,0
FirewallVirus,wolshep,0
FirewallVirus,CaelumGerard,0
FirewallVirus,ELPAPIMICHAMLET,0
FirewallVirus,Dyana_RITA,0
FirewallVirus,patriciaandrei2,0
FirewallVirus,negrogx,0
FirewallVirus,TheDaybreaker,0
FirewallVirus,KeBo0w,0
FirewallVirus,betasy,0
FirewallVirus,Hagar_Zakaria,0
FirewallVirus,ThiagoPhillip96,0
FirewallVirus,ErickSoares3,0
FirewallVirus,hussein529,0
FirewallVirus,ThePhantasma,0
FirewallVirus,sutrapmaji,0
FirewallVirus,errorre,0
FirewallVirus,TapiasOrlando,0
FirewallVirus,LakisTzanetos,0
FirewallVirus,CiudadanoCero0,0
FirewallVirus,signingcharity,0
FirewallVirus,NinfaPoetica,0
FirewallVirus,jamesnap,0
googleresearch,agoogleaday,0
googleresearch,chi2011,0
googleresearch,lifeatgoogle,0
googleresearch,earnmyturns,0
googleresearch,atishdassarma,0
googleresearch,GoogleFT,0
googleresearch,mirrokni,0
googleresearch,krishnabharat,0
googleresearch,cemcaglr,0
googleresearch,cdibona,0
googleresearch,mccurley,0
googleresearch,roberto_bayardo,0
googleresearch,theamitsinghal,0
googleresearch,AlonHalevy,0
googleresearch,IBMResearch,0
googleresearch,MSFTResearch,0
googleresearch,Scbrooksie,0
googleresearch,google,0
MuslimMarine,NuclearMoose,0
MuslimMarine,guyfromsamoa,0
MuslimMarine,AnimalRightsJen,0
MuslimMarine,danpgabriel,0
MuslimMarine,Georg_Grey,0
MuslimMarine,DMogahed,0
MuslimMarine,DeityFree,0
MuslimMarine,txdevildog,0
MuslimMarine,shanifanasser,0
MuslimMarine,Ja_Sah_ka77,0
MuslimMarine,StellaTex,0
MuslimMarine,Aneeqah_J93,0
MuslimMarine,TrueIslamForum,0
MuslimMarine,n_ahmadt,0
MuslimMarine,nfadzleen,0
MuslimMarine,wonderwoman911,0
MuslimMarine,muslimsforpeace,0
MuslimMarine,tahirmalik91,0
MuslimMarine,YogaDad73,0
MuslimMarine,captdope,0
MuslimMarine,DonteStallworth,0
MuslimMarine,TheFakeTrump,0
MuslimMarine,FactsVsOpinion,0
MuslimMarine,claytonswisher,0
MuslimMarine,cfarivar,0
MuslimMarine,tauseefkhan,0
MuslimMarine,jgumbel,0
MuslimMarine,Quantanamo,0
MuslimMarine,teenagesleuth,0
MuslimMarine,navybook,0
MuslimMarine,markryan243,0
MuslimMarine,BoilermakerKJ,0
MuslimMarine,bonifacemwangi,0
MuslimMarine,MarcFeinNBC5,0
MuslimMarine,Leon_Krauze,0
MuslimMarine,MKAPakistan,0
MuslimMarine,CitizenForPeace,0
MuslimMarine,CatrinNye,0
MuslimMarine,RyanHaarer,0
MuslimMarine,DanLamothe,0
MuslimMarine,IStandwAhmadis,0
MuslimMarine,ChelleDiNi,0
MuslimMarine,LondonAye,0
MuslimMarine,palafo,0
MuslimMarine,CarrieWatters,0
MuslimMarine,MORNINGMANIAC,0
MuslimMarine,stephenbecker,0
MuslimMarine,aru_pande,0
MuslimMarine,globalnation,0
MuslimMarine,Mr_Stogie,0
MuslimMarine,seanlahman,0
MuslimMarine,JeffChirico,0
MuslimMarine,EdGlavin,0
MuslimMarine,AriFleischer,0
MuslimMarine,MKhan47,0
MuslimMarine,DebraAlfarone,0
MuslimMarine,monica_campbell,0
MuslimMarine,Jake_Hanrahan,0
MuslimMarine,becsully,0
MuslimMarine,welcome4peace,0
MuslimMarine,waitwhatmalik,0
MuslimMarine,3ddowns,0
MuslimMarine,Sohail_Calgary,0
MuslimMarine,OhioCitizen,0
MuslimMarine,NationalMTAUSA,0
MuslimMarine,AhmadiyyaMosque,0
MuslimMarine,lajnamediausa,0
MuslimMarine,ScienceMuslim,0
MuslimMarine,Muslim_Writers,0
MuslimMarine,abderholden,0
MuslimMarine,MMFlint,0
MuslimMarine,JustinTrudeau,0
MuslimMarine,PresidentSFREKU,0
MuslimMarine,abuzarkhanshin1,0
MuslimMarine,JaimeCheshire,0
MuslimMarine,Faran678,0
MuslimMarine,GlobalDecker,0
MuslimMarine,erica_glennon,0
MuslimMarine,brthrhoodinde,0
MuslimMarine,hayatboujid,0
MuslimMarine,Book_Lady_127,0
MuslimMarine,SteveApplebaugh,0
MuslimMarine,dd31afcf26cd409,0
MuslimMarine,VoceVivaceST,0
MuslimMarine,feelingmuslim,0
MuslimMarine,kariintosa,0
MuslimMarine,ssmiller,0
MuslimMarine,SayeedaWarsi,0
MuslimMarine,jennyandsaul,0
MuslimMarine,LaurahLawson,0
MuslimMarine,NickJRishwain,0
MuslimMarine,Moon_Rafiq_90,0
MuslimMarine,DanielWickham93,0
MuslimMarine,mkawdc,0
MuslimMarine,mka_siliconval,0
MuslimMarine,MKA_ChicagoNW,0
MuslimMarine,MKA_Orlando,0
MuslimMarine,MKA_Detroit,0
MuslimMarine,MKA_GreatLakes,0
MuslimMarine,MKA_HoustonN,0
CT_Shoreline,445Kyra,0
CT_Shoreline,DuesterbeckAnne,0
CT_Shoreline,RMedeiros_HMSCT,0
CT_Shoreline,Normav28527296,0
CT_Shoreline,Dubya_be_happy,0
CT_Shoreline,MikeIvyMD,0
CT_Shoreline,SMarshalko,0
CT_Shoreline,LanceCasey41,0
CT_Shoreline,bos22151,0
CT_Shoreline,brianmwatrous,0
CT_Shoreline,SatelliteGear,0
CT_Shoreline,ttashea,0
CT_Shoreline,celtickid17894,0
CT_Shoreline,wardandbetsey,0
CT_Shoreline,SURGENCECOATING,0
CT_Shoreline,CyndiGAARPCT,0
CT_Shoreline,CARPEJourney,0
CT_Shoreline,morink676,0
CT_Shoreline,mightysouldrvrs,0
CT_Shoreline,RyderCareersKP,0
CT_Shoreline,Tinawearables1,0
CT_Shoreline,lymekathy,0
CT_Shoreline,jOHN_BALL41,0
CT_Shoreline,Shep_630,0
CT_Shoreline,mistessentials,0
CT_Shoreline,SeamensCT,0
CT_Shoreline,ACConnecticut,0
CT_Shoreline,CPOGEnt_WYR,0
CT_Shoreline,lastexit,0
CT_Shoreline,yeomn2,0
CT_Shoreline,PetraConstrCorp,0
CT_Shoreline,ConsultEngSvs,0
CT_Shoreline,amyalpc1,0
CT_Shoreline,GCMCT,0
CT_Shoreline,ProjOCaptLog,0
CT_Shoreline,DOJMedia,0
CT_Shoreline,tmillermcp,0
CT_Shoreline,jpwmuller,0
CT_Shoreline,PatrickMKilby,0
CT_Shoreline,martyk12,0
CT_Shoreline,Jake_Fay14,0
CT_Shoreline,CSP_Norwich,0
CT_Shoreline,RGrgach,0
CT_Shoreline,1StopTechRepair,0
CT_Shoreline,Farm2me,0
CT_Shoreline,tonyhwang,0
CT_Shoreline,thevolkman,0
CT_Shoreline,subelive57,0
CT_Shoreline,BulldogTutors,0
CT_Shoreline,bam912,0
CT_Shoreline,DebKapchus,0
CT_Shoreline,feedbackerr1,0
CT_Shoreline,capadiroma,0
CT_Shoreline,ScruplesSpa,0
CT_Shoreline,LAnneEposito,0
CT_Shoreline,train2xcel,0
CT_Shoreline,CCSL_Official,0
CT_Shoreline,BenCharlesBand,0
CT_Shoreline,keyrocco,0
CT_Shoreline,stashscafe,0
CT_Shoreline,EstebanHRZ,0
CT_Shoreline,NewingtonSprint,0
CT_Shoreline,lousrelics,0
CT_Shoreline,BennBri06705,0
CT_Shoreline,jcasablancasct,0
CT_Shoreline,RyanEWilliams1,0
CT_Shoreline,Sprintshack7270,0
CT_Shoreline,mamilissy79,0
CT_Shoreline,KipnisStudios,0
CT_Shoreline,DrBethCollins,0
CT_Shoreline,Clouddancin9,0
CT_Shoreline,JrMelesko,0
CT_Shoreline,swtandswty,0
CT_Shoreline,Scierka,0
CT_Shoreline,Beth628,0
CT_Shoreline,DPCycling,0
CT_Shoreline,YeseniaBurgos,0
CT_Shoreline,Ffldcountychiro,0
CT_Shoreline,DjreggimixCT,0
CT_Shoreline,dclow19991,0
CT_Shoreline,NickRicci5,0
CT_Shoreline,LeonziVictoria,0
CT_Shoreline,NickKellet,0
CT_Shoreline,FBoudreau19,0
CT_Shoreline,helloridgefield,0
CT_Shoreline,bottleshipcafe,0
CT_Shoreline,justmaid4you23,0
CT_Shoreline,DGCofCT,0
CT_Shoreline,EdwardClarkin,0
CT_Shoreline,EileenMCamp,0
CT_Shoreline,JenGAnderson,0
CT_Shoreline,JoshuaPatten,0
CT_Shoreline,msousa203,0
CT_Shoreline,KristaK2,0
CT_Shoreline,AsylmDistillery,0
CT_Shoreline,aquaticwldlife,0
CT_Shoreline,SMGAWarriorGolf,0
CT_Shoreline,203_3396,0
CT_Shoreline,capeverde2010,0
CT_Shoreline,RantCTblog,0
CT_Innovate,Cafe_Learn,0
CT_Innovate,CoastalCTMag,0
CT_Innovate,LabCandyLLC,0
CT_Innovate,dharmesh,0
CT_Innovate,mlassoff,0
CT_Innovate,UBridgeport,0
CT_Innovate,dandelventhal,0
CT_Innovate,totalhousehold,0
CT_Innovate,i_eric,0
CT_Innovate,CT_Invent,0
CT_Innovate,StratfordStar,0
CT_Innovate,flybridge,0
CT_Innovate,CRV,0
CT_Innovate,gcvp,0
CT_Innovate,DFJvc,0
CT_Innovate,BatteryVentures,0
CT_Innovate,BessemerVP,0
CT_Innovate,josh_beaulieu,0
CT_Innovate,YaleHack,0
CT_Innovate,glallier,0
CT_Innovate,GreenwichTime,0
CT_Innovate,InboxHealthChri,0
CT_Innovate,DevonPuglia,0
CT_Innovate,randfish,0
CT_Innovate,scoremypitch,0
CT_Innovate,billkenney,0
CT_Innovate,dundeevc,0
CT_Innovate,YaleCBIT,0
CT_Innovate,CoWorkSpfld,0
CT_Innovate,ctwac,0
CT_Innovate,BrandonGearing,0
CT_Innovate,NHLBI_SBIR,0
CT_Innovate,danielschwartz,0
CT_Innovate,EBerger_LSA,0
CT_Innovate,SWStamford,0
CT_Innovate,FRESHfarmCT,0
CT_Innovate,CMBartley,0
CT_Innovate,BizFairfield,0
CT_Innovate,MakeHartford,0
CT_Innovate,energizect,0
CT_Innovate,CTGreenBank,0
CT_Innovate,KingstonLeeHow,0
CT_Innovate,rjalan2,0
CT_Innovate,YaleSOMVentures,0
CT_Innovate,device42,0
CT_Innovate,Launch_EZ,0
CT_Innovate,EA_Montgomery,0
CT_Innovate,DanielleGeva,0
CT_Innovate,CTGOP,0
CT_Innovate,Ranolan,0
CT_Innovate,MattLesser,0
CT_Innovate,NancyWymanCT,0
CT_Innovate,CTSenateDems,0
CT_Innovate,CTHouseDems,0
CT_Innovate,smplbio,0
CT_Innovate,triplehelixcorp,0
CT_Innovate,newhavenindy,0
CT_Innovate,CodeA100,0
CT_Innovate,tmj_ct_mgmt,0
CT_Innovate,Elizabeth_Esty,0
CT_Innovate,WFSBMorningTeam,0
CT_Innovate,hartfordhosp,0
CT_Innovate,CTDPH,0
CT_Innovate,CTGirlAboutTown,0
CT_Innovate,TheLaurelCT,0
CT_Innovate,CTnewshound,0
CT_Innovate,ConnecticutHub,0
CT_Innovate,NicoleNalepaTV,0
CT_Innovate,SteveSinger10,0
CT_Innovate,LisaCarberg,0
CT_Innovate,DarrenSweeney,0
CT_Innovate,GeorgeColli,0
CT_Innovate,karasundlun,0
CT_Innovate,WTIC1080,0
CT_Innovate,betterct,0
CT_Innovate,CTvisit,0
CT_Innovate,CTDems,0
CT_Innovate,NBCConnecticut,0
CT_Innovate,nicorosstweet,0
CT_Innovate,nerac_insights,0
CT_Innovate,samrecover,0
CT_Innovate,GNHCC,0
CT_Innovate,ctdata,0
CT_Innovate,iGrowBrands,0
CT_Innovate,ATIONDM,0
CT_Innovate,nhvtech,0
CT_Innovate,RJ_Opinion,0
CT_Innovate,YaleMed,0
CT_Innovate,YaleOCR,0
CT_Innovate,adamquinton,0
CT_Innovate,LucasPoi,
