ialsmadi,ayaa00,0
ialsmadi,AJArabic,0
ialsmadi,AJArabic,0
ialsmadi,JessyTrendSKY,0
ialsmadi,AJArabic,0
ialsmadi,TaheraHAhmad,0
ialsmadi,AJArabic,0
ialsmadi,m3mo,0
ialsmadi,AJArabic,0
ialsmadi,MSM2witter,0
ialsmadi,ajplus,0
ialsmadi,dailytarheel,0
ialsmadi,amrsalama,0
ialsmadi,TheDeenShow,0
ialsmadi,symantec,0
ialsmadi,AJArabic,0
ialsmadi,AJArabic,0
ialsmadi,AJArabic,0
ialsmadi,AJArabic,0
ialsmadi,AJArabic,0
ialsmadi,lotfyman,0
ialsmadi,AJArabic,0
ialsmadi,TaheraHAhmad,0
ialsmadi,hrebat,0
ialsmadi,TaheraHAhmad,0
ialsmadi,ajplus,0
ialsmadi,AJArabic,0
ialsmadi,AJArabic,0
ialsmadi,symantec,0
ialsmadi,moatazmatar,0
ialsmadi,AJArabic,0
ialsmadi,AJArabic,0
ialsmadi,AJArabic,0
ialsmadi,millerC4,0
ialsmadi,symantec,0
ialsmadi,ajplus,0
ialsmadi,AJArabic,0
ialsmadi,m3mo,0
ialsmadi,m3mo,0
ialsmadi,ayaa00,0
ialsmadi,dailytarheel,0
ialsmadi,GissiSim,0
ialsmadi,GissiSim,0
ialsmadi,symantec,0
ialsmadi,SCSUSTEMIL,0
ialsmadi,united,0
ialsmadi,lotfyman,0
ialsmadi,AJArabic,0
ialsmadi,ayaa00,0
ialsmadi,moatazmatar,0
ialsmadi,TheDeenShow,0
ialsmadi,moatazmatar,0
ialsmadi,united,0
ialsmadi,AJArabic,0
ialsmadi,united,0
ialsmadi,millerC4,0
ialsmadi,moatazmatar,0
ialsmadi,GissiSim,0
ialsmadi,AJArabic,0
ialsmadi,united,0
ialsmadi,AJArabic,0
ialsmadi,AJArabic,0
ialsmadi,JessyTrendSKY,0
ialsmadi,TaheraHAhmad,0
ialsmadi,wessam_jo,0
ialsmadi,millerC4,0
ialsmadi,TaheraHAhmad,0
ialsmadi,AJArabic,0
ialsmadi,AJArabic,0
ialsmadi,moatazmatar,0
ialsmadi,SCSUSTEMIL,0
ialsmadi,AJArabic,0
ialsmadi,AJArabic,0
ialsmadi,AJArabic,0
ialsmadi,TaheraHAhmad,0
ialsmadi,SCSUSTEMIL,0
ialsmadi,moatazmatar,0
ialsmadi,millerC4,0
ialsmadi,ajplus,0
ialsmadi,alhdyan1435,0
ialsmadi,alhdyan1435,0
ialsmadi,amrsalama,0
ialsmadi,wessam_jo,0
ialsmadi,AJArabic,0
ialsmadi,SCSUSTEMIL,0
ialsmadi,TaheraHAhmad,0
ialsmadi,ayaa00,0
ialsmadi,AJArabic,0
ialsmadi,lotfyman,0
ialsmadi,AJArabic,0
ialsmadi,AJArabic,0
ialsmadi,AJArabic,0
ialsmadi,millerC4,0
ialsmadi,hrebat,0
ialsmadi,sdxtech,0
ialsmadi,millerC4,0
ialsmadi,united,0
ialsmadi,symantec,0
ialsmadi,millerC4,0
ialsmadi,ajplus,0
ialsmadi,moatazmatar,0
ialsmadi,moatazmatar,0
ialsmadi,AJArabic,0
ialsmadi,TaheraHAhmad,0
ialsmadi,ayaa00,0
ialsmadi,GissiSim,0
ialsmadi,AJArabic,0
ialsmadi,AJArabic,0
ialsmadi,TaheraHAhmad,0
ialsmadi,ayaa00,0
ialsmadi,TheDeenShow,0
ialsmadi,AJArabic,0
ialsmadi,AJArabic,0
ialsmadi,AJArabic,0
ialsmadi,lotfyman,0
ialsmadi,m3mo,0
ialsmadi,AJArabic,0
ialsmadi,amrsalama,0
ialsmadi,JessyTrendSKY,0
ialsmadi,JessyTrendSKY,0
ialsmadi,ayaa00,0
ialsmadi,amrsalama,0
ialsmadi,alhdyan1435,0
ialsmadi,AJArabic,0
ialsmadi,wessam_jo,0
ialsmadi,AJArabic,0
ialsmadi,GissiSim,0
ialsmadi,millerC4,0
ialsmadi,moatazmatar,0
ialsmadi,MSM2witter,0
ialsmadi,moatazmatar,0
ialsmadi,ajplus,0
ialsmadi,AJArabic,0
ialsmadi,wessam_jo,0
ialsmadi,hrebat,0
ialsmadi,m3mo,0
ialsmadi,AJArabic,0
ialsmadi,AJArabic,0
ialsmadi,GissiSim,0
ialsmadi,dailytarheel,0
ialsmadi,ajplus,0
ialsmadi,JessyTrendSKY,0
ialsmadi,alhdyan1435,0
ialsmadi,symantec,0
ialsmadi,MSM2witter,0
ialsmadi,ajplus,0
ialsmadi,ajplus,0
ialsmadi,united,0
ialsmadi,JessyTrendSKY,0
ialsmadi,m3mo,0
ialsmadi,SCSUSTEMIL,0
ialsmadi,AJArabic,0
ialsmadi,MSM2witter,0
ialsmadi,lotfyman,0
ialsmadi,hrebat,0
ialsmadi,ajplus,0
ialsmadi,ajplus,0
ialsmadi,alhdyan1435,0
ialsmadi,TaheraHAhmad,0
ialsmadi,moatazmatar,0
ialsmadi,AJArabic,0
ialsmadi,AJArabic,0
ialsmadi,TheDeenShow,0
ialsmadi,moatazmatar,0
ialsmadi,TaheraHAhmad,0
ialsmadi,m3mo,0
ialsmadi,moatazmatar,0
ialsmadi,amrsalama,0
ialsmadi,AJArabic,0
ialsmadi,MSM2witter,0
ialsmadi,hrebat,0
ialsmadi,amrsalama,0
ialsmadi,wessam_jo,0
ialsmadi,dailytarheel,0
ialsmadi,ayaa00,0
ialsmadi,AJArabic,0
ialsmadi,ayaa00,0
ialsmadi,TaheraHAhmad,0
ialsmadi,sdxtech,0
ialsmadi,ajplus,0
ialsmadi,sdxtech,0
ialsmadi,JessyTrendSKY,0
ialsmadi,MSM2witter,0
ialsmadi,lotfyman,0
ialsmadi,alhdyan1435,0
ialsmadi,AJArabic,0
ialsmadi,AJArabic,0
ialsmadi,lotfyman,0
ialsmadi,TaheraHAhmad,0
ialsmadi,ajplus,0
ialsmadi,TheDeenShow,0
ialsmadi,sdxtech,0
ialsmadi,hrebat,0
ialsmadi,AJArabic,0
ialsmadi,SCSUSTEMIL,0
ialsmadi,TheDeenShow,0
ialsmadi,moatazmatar,0
ialsmadi,amrsalama,0
ialsmadi,united,0
ialsmadi,moatazmatar,0
ialsmadi,dailytarheel,0
ialsmadi,TheDeenShow,0
ialsmadi,millerC4,0
ialsmadi,wessam_jo,0
ialsmadi,MSM2witter,0
ialsmadi,AJArabic,0
ialsmadi,AJArabic,0
ialsmadi,JessyTrendSKY,0
ialsmadi,lotfyman,0
ialsmadi,united,0
ialsmadi,JessyTrendSKY,0
ialsmadi,alhdyan1435,0
ialsmadi,TaheraHAhmad,0
ialsmadi,AJArabic,0
ialsmadi,AJArabic,0
ialsmadi,amrsalama,0
ialsmadi,AJArabic,0
ialsmadi,moatazmatar,0
ialsmadi,symantec,0
ialsmadi,hrebat,0
ialsmadi,wessam_jo,0
ialsmadi,TaheraHAhmad,0
ialsmadi,hrebat,0
ialsmadi,TaheraHAhmad,0
ialsmadi,amrsalama,0
ialsmadi,TaheraHAhmad,0
ialsmadi,sdxtech,0
ialsmadi,amrsalama,0
ialsmadi,TaheraHAhmad,0
ialsmadi,dailytarheel,0
ialsmadi,AJArabic,0
ialsmadi,moatazmatar,0
ialsmadi,AJArabic,0
ialsmadi,millerC4,0
ialsmadi,TheDeenShow,0
ialsmadi,AJArabic,0
ialsmadi,JessyTrendSKY,0
ialsmadi,AJArabic,0
ialsmadi,amrsalama,0
ialsmadi,wessam_jo,0
ialsmadi,TaheraHAhmad,0
ialsmadi,MSM2witter,0
ialsmadi,alhdyan1435,0
ialsmadi,GissiSim,0
ialsmadi,AJArabic,0
ialsmadi,alhdyan1435,0
ialsmadi,sdxtech,0
ialsmadi,millerC4,0
ialsmadi,AJArabic,0
ialsmadi,SCSUSTEMIL,0
ialsmadi,sdxtech,0
ialsmadi,AJArabic,0
ialsmadi,alhdyan1435,0
ialsmadi,AJArabic,0
ialsmadi,JessyTrendSKY,0
ialsmadi,ajplus,0
ialsmadi,m3mo,0
ialsmadi,amrsalama,0
ialsmadi,GissiSim,0
ialsmadi,m3mo,0
ialsmadi,AJArabic,0
ialsmadi,symantec,0
ialsmadi,moatazmatar,0
ialsmadi,moatazmatar,0
ialsmadi,m3mo,0
ialsmadi,moatazmatar,0
ialsmadi,wessam_jo,0
ialsmadi,symantec,0
ialsmadi,hrebat,0
ialsmadi,ayaa00,0
ialsmadi,AJArabic,0
ialsmadi,AJArabic,0
ialsmadi,TaheraHAhmad,0
ialsmadi,ajplus,0
ialsmadi,alhdyan1435,0
ialsmadi,SCSUSTEMIL,0
ialsmadi,AJArabic,0
ialsmadi,JessyTrendSKY,0
ialsmadi,MSM2witter,0
ialsmadi,ajplus,0
ialsmadi,m3mo,0
ialsmadi,dailytarheel,0
ialsmadi,TheDeenShow,0
ialsmadi,ayaa00,0
ialsmadi,TheDeenShow,0
ialsmadi,m3mo,0
ialsmadi,SCSUSTEMIL,0
ialsmadi,dailytarheel,0
ialsmadi,moatazmatar,0
ialsmadi,AJArabic,0
ialsmadi,m3mo,0
ialsmadi,TaheraHAhmad,0
ialsmadi,MSM2witter,0
ialsmadi,lotfyman,0
ialsmadi,moatazmatar,0
ialsmadi,amrsalama,0
ialsmadi,AJArabic,0
ialsmadi,SCSUSTEMIL,0
ialsmadi,dailytarheel,0
ialsmadi,dailytarheel,0
ialsmadi,wessam_jo,0
ialsmadi,SCSUSTEMIL,0
ialsmadi,TaheraHAhmad,0
ialsmadi,symantec,0
ialsmadi,wessam_jo,0
ialsmadi,AJArabic,0
ialsmadi,GissiSim,0
ialsmadi,AJArabic,0
ialsmadi,moatazmatar,0
ialsmadi,AJArabic,0
ialsmadi,MSM2witter,0
ialsmadi,AJArabic,0
ialsmadi,moatazmatar,0
ialsmadi,AJArabic,0
ialsmadi,AJArabic,0
ialsmadi,sdxtech,0
ialsmadi,JessyTrendSKY,0
ialsmadi,lotfyman,0
ialsmadi,AJArabic,0
ialsmadi,amrsalama,0
ialsmadi,AJArabic,0
ialsmadi,alhdyan1435,0
ialsmadi,millerC4,0
ialsmadi,ayaa00,0
ialsmadi,sdxtech,0
ialsmadi,ayaa00,0
ialsmadi,m3mo,0
ialsmadi,ayaa00,0
ialsmadi,JessyTrendSKY,0
ialsmadi,lotfyman,0
ialsmadi,symantec,0
ialsmadi,m3mo,0
ialsmadi,AJArabic,0
ialsmadi,united,0
ialsmadi,AJArabic,0
ialsmadi,TaheraHAhmad,0
ialsmadi,sdxtech,0
ialsmadi,dailytarheel,0
ialsmadi,AJArabic,0
ialsmadi,AJArabic,0
ialsmadi,united,0
ialsmadi,amrsalama,0
ialsmadi,AJArabic,0
ialsmadi,united,0
ialsmadi,AJArabic,0
ialsmadi,dailytarheel,0
ialsmadi,AJArabic,0
ialsmadi,ayaa00,0
ialsmadi,MSM2witter,0
ialsmadi,SCSUSTEMIL,0
ialsmadi,m3mo,0
ialsmadi,lotfyman,0
ialsmadi,AJArabic,0
ialsmadi,MSM2witter,0
ialsmadi,AJArabic,0
ialsmadi,m3mo,0
ialsmadi,sdxtech,0
ialsmadi,TheDeenShow,0
ialsmadi,ayaa00,0
ialsmadi,moatazmatar,0
ialsmadi,moatazmatar,0
ialsmadi,lotfyman,0
ialsmadi,lotfyman,0
ialsmadi,AJArabic,0
ialsmadi,lotfyman,0
ialsmadi,m3mo,0
ialsmadi,moatazmatar,0
ialsmadi,AJArabic,0
ialsmadi,AJArabic,0
ialsmadi,GissiSim,0
ialsmadi,millerC4,0
ialsmadi,moatazmatar,0
ialsmadi,AJArabic,0
ialsmadi,lotfyman,0
ialsmadi,ayaa00,0
ialsmadi,AJArabic,0
ialsmadi,MSM2witter,0
ialsmadi,AJArabic,0
ialsmadi,dailytarheel,0
ialsmadi,hrebat,0
ialsmadi,AJArabic,0
ialsmadi,millerC4,0
ialsmadi,hrebat,0
ialsmadi,amrsalama,0
ialsmadi,sdxtech,0
ialsmadi,AJArabic,0
ialsmadi,AJArabic,0
ialsmadi,TaheraHAhmad,0
ialsmadi,ajplus,0
ialsmadi,ayaa00,0
ialsmadi,TaheraHAhmad,0
ialsmadi,alhdyan1435,0
ialsmadi,ayaa00,0
ialsmadi,AJArabic,0
ialsmadi,AJArabic,0
ialsmadi,wessam_jo,0
ialsmadi,alhdyan1435,0
ialsmadi,TheDeenShow,0
ialsmadi,m3mo,0
ialsmadi,AJArabic,0
ialsmadi,lotfyman,0
ialsmadi,GissiSim,0
ialsmadi,wessam_jo,0
ialsmadi,GissiSim,0
ialsmadi,moatazmatar,0
ialsmadi,AJArabic,0
ialsmadi,moatazmatar,0
ialsmadi,moatazmatar,0
ialsmadi,AJArabic,0
ialsmadi,hrebat,0
ialsmadi,lotfyman,0
ialsmadi,dailytarheel,0
ialsmadi,AJArabic,0
ialsmadi,AJArabic,0
ialsmadi,AJArabic,0
ialsmadi,hrebat,0
ialsmadi,dailytarheel,0
ialsmadi,TaheraHAhmad,0
ialsmadi,millerC4,0
ialsmadi,TaheraHAhmad,0
ialsmadi,ayaa00,0
ialsmadi,AJArabic,0
ialsmadi,amrsalama,0
ialsmadi,AJArabic,0
ialsmadi,JessyTrendSKY,0
ialsmadi,AJArabic,0
ialsmadi,m3mo,0
ialsmadi,TheDeenShow,0
ialsmadi,united,0
ialsmadi,ayaa00,0
ialsmadi,united,0
ialsmadi,AJArabic,0
ialsmadi,TaheraHAhmad,0
ialsmadi,sdxtech,0
ialsmadi,ajplus,0
ialsmadi,symantec,0
ialsmadi,SCSUSTEMIL,0
ialsmadi,ajplus,0
ialsmadi,TaheraHAhmad,0
ialsmadi,AJArabic,0
ialsmadi,alhdyan1435,0
ialsmadi,TheDeenShow,0
ialsmadi,united,0
ialsmadi,wessam_jo,0
ialsmadi,moatazmatar,0
ialsmadi,SCSUSTEMIL,0
ialsmadi,JessyTrendSKY,0
ialsmadi,SCSUSTEMIL,0
ialsmadi,AJArabic,0
ialsmadi,AJArabic,0
ialsmadi,AJArabic,0
ialsmadi,ajplus,0
ialsmadi,alhdyan1435,0
ialsmadi,sdxtech,0
ialsmadi,ajplus,0
ialsmadi,SCSUSTEMIL,0
ialsmadi,sdxtech,0
ialsmadi,TheDeenShow,0
ialsmadi,hrebat,0
ialsmadi,AJArabic,0
ialsmadi,AJArabic,0
ialsmadi,alhdyan1435,0
ialsmadi,moatazmatar,0
ialsmadi,AJArabic,0
ialsmadi,symantec,0
ialsmadi,ajplus,0
ialsmadi,united,0
ialsmadi,TaheraHAhmad,0
ialsmadi,TheDeenShow,0
ialsmadi,AJArabic,0
ialsmadi,AJArabic,0
ialsmadi,united,0
ialsmadi,JessyTrendSKY,0
ialsmadi,TaheraHAhmad,0
ialsmadi,AJArabic,0
ialsmadi,hrebat,0
ialsmadi,MSM2witter,0
ialsmadi,GissiSim,0
ialsmadi,JessyTrendSKY,0
ialsmadi,hrebat,0
ialsmadi,sdxtech,0
ialsmadi,sdxtech,0
ialsmadi,AJArabic,0
ialsmadi,hrebat,0
ialsmadi,GissiSim,0
ialsmadi,sdxtech,0
ialsmadi,GissiSim,0
ialsmadi,AJArabic,0
ialsmadi,dailytarheel,0
ialsmadi,TaheraHAhmad,0
ialsmadi,AJArabic,0
ialsmadi,millerC4,0
ialsmadi,millerC4,0
ialsmadi,symantec,0
ialsmadi,alhdyan1435,0
ialsmadi,AJArabic,0
ialsmadi,amrsalama,0
ialsmadi,united,0
ialsmadi,AJArabic,0
ialsmadi,dailytarheel,0
ialsmadi,AJArabic,0
ialsmadi,moatazmatar,0
ialsmadi,wessam_jo,0
ialsmadi,GissiSim,0
ialsmadi,sdxtech,0
ialsmadi,amrsalama,0
ialsmadi,TaheraHAhmad,0
ialsmadi,GissiSim,0
ialsmadi,AJArabic,0
ialsmadi,TaheraHAhmad,0
ialsmadi,millerC4,0
ialsmadi,TheDeenShow,0
ialsmadi,lotfyman,0
ialsmadi,TaheraHAhmad,0
ialsmadi,AJArabic,0
ialsmadi,wessam_jo,0
ialsmadi,AJArabic,0
ialsmadi,sdxtech,0
ialsmadi,AJArabic,0
ialsmadi,TaheraHAhmad,0
ialsmadi,lotfyman,0
ialsmadi,wessam_jo,0
ialsmadi,dailytarheel,0
ialsmadi,united,0
ialsmadi,united,0
ialsmadi,ayaa00,0
ialsmadi,ayaa00,0
ialsmadi,sdxtech,0
ialsmadi,SCSUSTEMIL,0
ialsmadi,AJArabic,0
ialsmadi,AJArabic,0
ialsmadi,dailytarheel,0
ialsmadi,JessyTrendSKY,0
ialsmadi,amrsalama,0
ialsmadi,MSM2witter,0
ialsmadi,ajplus,0
ialsmadi,dailytarheel,0
ialsmadi,moatazmatar,0
ialsmadi,AJArabic,0
ialsmadi,hrebat,0
ialsmadi,dailytarheel,0
ialsmadi,millerC4,0
ialsmadi,GissiSim,0
ialsmadi,lotfyman,0
ialsmadi,AJArabic,0
ialsmadi,AJArabic,0
ialsmadi,ajplus,0
ialsmadi,lotfyman,0
ialsmadi,AJArabic,0
ialsmadi,AJArabic,0
ialsmadi,AJArabic,0
ialsmadi,JessyTrendSKY,0
ialsmadi,TaheraHAhmad,0
ialsmadi,millerC4,0
ialsmadi,hrebat,0
ialsmadi,united,0
ialsmadi,symantec,0
ialsmadi,MSM2witter,0
ialsmadi,TheDeenShow,0
ialsmadi,sdxtech,0
ialsmadi,AJArabic,0
ialsmadi,AJArabic,0
ialsmadi,AJArabic,0
ialsmadi,symantec,0
ialsmadi,AJArabic,0
ialsmadi,TaheraHAhmad,0
ialsmadi,AJArabic,0
ialsmadi,JessyTrendSKY,0
ialsmadi,hrebat,0
ialsmadi,AJArabic,0
ialsmadi,GissiSim,0
ialsmadi,AJArabic,0
ialsmadi,AJArabic,0
ialsmadi,alhdyan1435,0
ialsmadi,MSM2witter,0
ialsmadi,moatazmatar,0
ialsmadi,sdxtech,0
ialsmadi,moatazmatar,0
ialsmadi,hrebat,0
ialsmadi,alhdyan1435,0
ialsmadi,AJArabic,0
ialsmadi,millerC4,0
ialsmadi,symantec,0
ialsmadi,moatazmatar,0
ialsmadi,alhdyan1435,0
ialsmadi,GissiSim,0
ialsmadi,m3mo,0
ialsmadi,hrebat,0
ialsmadi,SCSUSTEMIL,0
ialsmadi,AJArabic,0
ialsmadi,moatazmatar,0
ialsmadi,symantec,0
ialsmadi,GissiSim,0
ialsmadi,dailytarheel,0
ialsmadi,AJArabic,0
ialsmadi,MSM2witter,0
ialsmadi,TaheraHAhmad,0
ialsmadi,AJArabic,0
ialsmadi,AJArabic,0
ialsmadi,moatazmatar,0
ialsmadi,MSM2witter,0
ialsmadi,amrsalama,0
ialsmadi,MSM2witter,0
ialsmadi,TaheraHAhmad,0
ialsmadi,symantec,0
ialsmadi,amrsalama,0
ialsmadi,AJArabic,0
ialsmadi,AJArabic,0
ialsmadi,alhdyan1435,0
ialsmadi,amrsalama,0
ialsmadi,hrebat,0
ialsmadi,AJArabic,0
ialsmadi,united,0
ialsmadi,AJArabic,0
ialsmadi,AJArabic,0
ialsmadi,dailytarheel,0
ialsmadi,symantec,0
ialsmadi,GissiSim,0
ialsmadi,AJArabic,0
ialsmadi,GissiSim,0
ialsmadi,lotfyman,0
ialsmadi,TaheraHAhmad,0
ialsmadi,m3mo,0
ialsmadi,moatazmatar,0
ialsmadi,wessam_jo,0
ialsmadi,m3mo,0
ialsmadi,symantec,0
ialsmadi,AJArabic,0
ialsmadi,JessyTrendSKY,0
ialsmadi,millerC4,0
ialsmadi,AJArabic,0
ialsmadi,wessam_jo,0
ialsmadi,TaheraHAhmad,0
ialsmadi,united,0
ialsmadi,ayaa00,0
ialsmadi,SCSUSTEMIL,0
ialsmadi,moatazmatar,0
ialsmadi,amrsalama,0
ialsmadi,TaheraHAhmad,0
ialsmadi,wessam_jo,0
ialsmadi,millerC4,0
ialsmadi,AJArabic,0
ialsmadi,SCSUSTEMIL,0
ialsmadi,JessyTrendSKY,0
ialsmadi,MSM2witter,0
ialsmadi,ayaa00,0
ialsmadi,TheDeenShow,0
ialsmadi,SCSUSTEMIL,0
ialsmadi,AJArabic,0
ialsmadi,AJArabic,0
ialsmadi,alhdyan1435,0
ialsmadi,millerC4,0
ialsmadi,moatazmatar,0
ialsmadi,MSM2witter,0
ialsmadi,wessam_jo,0
ialsmadi,wessam_jo,0
ialsmadi,GissiSim,0
ialsmadi,symantec,0
ialsmadi,moatazmatar,0
ialsmadi,TheDeenShow,0
ialsmadi,alhdyan1435,0
ialsmadi,AJArabic,0
ialsmadi,united,0
ialsmadi,m3mo,0
ialsmadi,TheDeenShow,0
ialsmadi,AJArabic,0
ialsmadi,wessam_jo,0
ialsmadi,SCSUSTEMIL,0
ialsmadi,AJArabic,0
ialsmadi,symantec,0
ialsmadi,AJArabic,0
ialsmadi,AJArabic,0
ialsmadi,JessyTrendSKY,0
ialsmadi,AJArabic,0
ialsmadi,united,0
ialsmadi,symantec,0
ialsmadi,alhdyan1435,0
ialsmadi,TaheraHAhmad,0
ialsmadi,TheDeenShow,0
ialsmadi,JessyTrendSKY,0
ialsmadi,TaheraHAhmad,0
ialsmadi,lotfyman,0
ialsmadi,MSM2witter,0
ialsmadi,dailytarheel,0
ialsmadi,sdxtech,0
ialsmadi,AJArabic,0
ialsmadi,wessam_jo,0
ialsmadi,dailytarheel,0
ialsmadi,hrebat,0
ialsmadi,SCSUSTEMIL,0
ialsmadi,symantec,0
ialsmadi,millerC4,0
ialsmadi,sdxtech,0
ialsmadi,lotfyman,0
ialsmadi,GissiSim,0
ialsmadi,AJArabic,0
ialsmadi,AJArabic,0
ialsmadi,moatazmatar,0
ialsmadi,TaheraHAhmad,0
ialsmadi,TheDeenShow,0
ialsmadi,TaheraHAhmad,0
ialsmadi,moatazmatar,0
ialsmadi,amrsalama,0
ialsmadi,AJArabic,0
ialsmadi,TaheraHAhmad,0
ialsmadi,hrebat,0
ialsmadi,AJArabic,0
ialsmadi,SCSUSTEMIL,0
ialsmadi,MSM2witter,0
ialsmadi,united,0
ialsmadi,AJArabic,0
ialsmadi,AJArabic,0
ialsmadi,SCSUSTEMIL,0
ialsmadi,TaheraHAhmad,0
ialsmadi,moatazmatar,0
ialsmadi,TheDeenShow,0
ialsmadi,TaheraHAhmad,0
ialsmadi,moatazmatar,0
ialsmadi,ajplus,0
ialsmadi,wessam_jo,0
ialsmadi,AJArabic,0
ialsmadi,moatazmatar,0
ialsmadi,m3mo,0
ialsmadi,TheDeenShow,0
ialsmadi,moatazmatar,0
